"Field, V/cm","Frequency, GHz","Frequency, GHz","Frequency, GHz"
0,126.51033,149.39534,160.13204
3,128.89995,155.39553,168.53309
6,131.19686,160.82444,176.55013
9,133.41657,165.86073,184.09025
12,135.57007,170.60558,191.17695
15,137.66559,175.12114,197.87334
18,139.70958,179.44882,204.24324
21,141.70721,183.61799,210.33939
24,143.66274,187.65055,216.20294
27,145.57973,191.56339,221.86579
30,147.46121,195.36993,227.35299
33,149.30979,199.08107,232.68455
36,151.12773,202.70584,237.87675
39,152.91703,206.25181,242.94307
42,154.67945,209.72545,247.8948
45,156.41656,213.13231,252.74157
48,158.12976,216.47722,257.49164
51,159.82034,219.76442,262.15217
54,161.48944,222.99766,266.72944
57,163.13811,226.18025,271.22899
60,164.76731,229.31519,275.65573
63,166.37792,232.40515,280.01404
66,167.97074,235.45254,284.30787
69,169.54653,238.45957,288.54076
72,171.10597,241.42824,292.71594
75,172.64972,244.36039,296.83635
78,174.17836,247.25769,300.90466
81,175.69247,250.12169,304.92332
84,177.19255,252.95383,308.8946
87,178.67911,255.75544,312.82058
90,180.15259,258.52773,316.70319
93,181.61344,261.27187,320.54422
96,183.06206,263.98892,324.34532
99,184.49883,266.67987,328.10805
102,185.92413,269.34567,331.83385
105,187.33829,271.98719,335.52408
108,188.74163,274.60526,339.18
111,190.13448,277.20065,342.80281
114,191.51712,279.77411,346.39362
117,192.88983,282.32631,349.95349
120,194.25289,284.85792,353.48342
123,195.60653,287.36956,356.98435
126,196.95101,289.86181,360.45716
129,198.28657,292.33524,363.90271
132,199.6134,294.79036,367.32179
135,200.93175,297.2277,370.71516
138,202.24179,299.64773,374.08355
141,203.54373,302.0509,377.42764
144,204.83776,304.43766,380.74809
147,206.12406,306.80842,384.04552
150,207.40278,309.16359,387.32053
153,208.67412,311.50355,390.5737
156,209.93821,313.82866,393.80556
159,211.19522,316.13927,397.01664
162,212.44529,318.43573,400.20744
165,213.68857,320.71835,403.37844
168,214.92518,322.98745,406.53009
171,216.15528,325.24332,409.66285
174,217.37897,327.48626,412.77713
177,218.59639,329.71654,415.87335
180,219.80766,331.93442,418.95189
183,221.01289,334.14017,422.01313
186,222.21219,336.33403,425.05745
189,223.40568,338.51624,428.08518
192,224.59345,340.68704,431.09667
195,225.7756,342.84663,434.09224
198,226.95225,344.99525,437.07222
201,228.12347,347.1331,440.0369
204,229.28937,349.26037,442.98657
207,230.45004,351.37728,445.92153
210,231.60555,353.48399,448.84205
213,232.75601,355.5807,451.7484
216,233.90148,357.66759,454.64083
219,235.04205,359.74483,457.51959
222,236.17779,361.81257,460.38494
225,237.30879,363.871,463.23709
228,238.43511,365.92025,466.07628
231,239.55684,367.96049,468.90273
234,240.67402,369.99186,471.71666
237,241.78675,372.01451,474.51827
240,242.89507,374.02858,477.30776
243,243.99906,376.0342,480.08534
246,245.09878,378.0315,482.8512
249,246.19429,380.02062,485.60551
252,247.28565,382.00168,488.34847
255,248.37292,383.9748,491.08024
258,249.45615,385.9401,493.801
261,250.5354,387.8977,496.51092
264,251.61073,389.8477,499.21016
267,252.68219,391.79023,501.89887
270,253.74982,393.72538,504.57721
273,254.81369,395.65326,507.24534
276,255.87383,397.57398,509.90339
279,256.93031,399.48763,512.55151
282,257.98316,401.39432,515.18985
285,259.03242,403.29412,517.81853
288,260.07816,405.18715,520.43769
291,261.1204,407.07348,523.04746
294,262.1592,408.95321,525.64797
297,263.1946,410.82643,528.23934
300,264.22663,412.69321,530.82169
303,265.25534,414.55365,533.39514
306,266.28077,416.40782,535.9598
309,267.30295,418.25579,538.51579
312,268.32193,420.09766,541.06322
315,269.33774,421.93349,543.6022
318,270.35042,423.76336,546.13283
321,271.36,425.58734,548.65521
324,272.36652,427.4055,551.16945
327,273.37002,429.21791,553.67565
330,274.37052,431.02464,556.1739
333,275.36806,432.82576,558.6643
336,276.36268,434.62133,561.14694
339,277.3544,436.41141,563.62191
342,278.34326,438.19608,566.0893
345,279.32929,439.97538,568.54921
348,280.31251,441.74938,571.00171
351,281.29296,443.51814,573.44688
354,282.27066,445.28172,575.88482
357,283.24565,447.04018,578.3156
360,284.21795,448.79356,580.73931
363,285.18759,450.54193,583.15601
366,286.1546,452.28534,585.56579
369,287.119,454.02384,587.96872
372,288.08083,455.75748,590.36487
375,289.04009,457.48632,592.75432
378,289.99683,459.2104,595.13714
381,290.95106,460.92977,597.51339
384,291.90281,462.64449,599.88315
387,292.85211,464.3546,602.24648
390,293.79897,466.06014,604.60345
393,294.74343,467.76116,606.95412
396,295.68549,469.45771,609.29856
399,296.62519,471.14983,611.63683
402,297.56255,472.83756,613.96899
405,298.49759,474.52095,616.29509
408,299.43033,476.20004,618.61521
411,300.36079,477.87487,620.9294
414,301.28899,479.54548,623.23771
417,302.21496,481.2119,625.5402
420,303.13871,482.87419,627.83694
423,304.06026,484.53238,630.12796
426,304.97963,486.1865,632.41333
429,305.89685,487.8366,634.69309
432,306.81192,489.48271,636.96731
435,307.72487,491.12486,639.23603
438,308.63572,492.7631,641.4993
441,309.54449,494.39745,643.75717
444,310.45119,496.02796,646.00969
447,311.35583,497.65465,648.25691
450,312.25845,499.27756,650.49888
453,313.15905,500.89673,652.73564
456,314.05765,502.51218,654.96723
459,314.95427,504.12395,657.19371
462,315.84892,505.73206,659.41511
465,316.74162,507.33656,661.63149
468,317.63239,508.93747,663.84287
471,318.52124,510.53482,666.04932
474,319.40818,512.12864,668.25086
477,320.29324,513.71896,670.44755
480,321.17643,515.30581,672.63941
483,322.05775,516.88921,674.82649
486,322.93724,518.46921,677.00884
489,323.81489,520.04581,679.18648
492,324.69073,521.61906,681.35946
495,325.56477,523.18897,683.52781
498,326.43702,524.75558,685.69158
501,327.30749,526.31891,687.85079
504,328.17621,527.87898,690.00549
507,329.04318,529.43583,692.15572
510,329.90841,530.98947,694.30149
513,330.77192,532.53993,696.44286
516,331.63373,534.08724,698.57986
519,332.49384,535.63142,700.71251
522,333.35227,537.1725,702.84086
525,334.20902,538.71049,704.96493
528,335.06412,540.24543,707.08476
531,335.91757,541.77733,709.20039
534,336.76938,543.30621,711.31183
537,337.61957,544.8321,713.41913
540,338.46815,546.35503,715.52231
543,339.31513,547.875,717.62141
546,340.16052,549.39206,719.71645
549,341.00433,550.9062,721.80747
552,341.84658,552.41746,723.89449
555,342.68727,553.92586,725.97754
558,343.52641,555.43142,728.05666
561,344.36402,556.93416,730.13187
564,345.2001,558.43409,732.20319
567,346.03467,559.93124,734.27066
570,346.86773,561.42563,736.33431
573,347.69931,562.91727,738.39415
576,348.52939,564.40619,740.45022
579,349.35801,565.8924,742.50254
582,350.18516,567.37592,744.55114
585,351.01085,568.85678,746.59604
588,351.83511,570.33498,748.63727
591,352.65792,571.81056,750.67486
594,353.47931,573.28351,752.70883
597,354.29928,574.75387,754.7392
600,355.11785,576.22164,756.766
603,355.93501,577.68686,758.78925
606,356.75079,579.14952,760.80897
609,357.56518,580.60966,762.82519
612,358.37821,582.06728,764.83794
615,359.18987,583.52241,766.84723
618,360.00017,584.97505,768.85309
621,360.80913,586.42523,770.85553
624,361.61675,587.87296,772.85459
627,362.42304,589.31826,774.85028
630,363.228,590.76114,776.84263
633,364.03166,592.20161,778.83165
636,364.83401,593.6397,780.81737
639,365.63506,595.07542,782.7998
642,366.43482,596.50877,784.77898
645,367.2333,597.93979,786.75491
648,368.0305,599.36847,788.72763
651,368.82644,600.79484,790.69714
654,369.62111,602.21891,792.66347
657,370.41454,603.64069,794.62664
660,371.20672,605.0602,796.58667
663,371.99766,606.47746,798.54357
666,372.78738,607.89246,800.49738
669,373.57587,609.30524,802.44809
672,374.36314,610.71579,804.39574
675,375.14921,612.12414,806.34034
678,375.93407,613.5303,808.28191
681,376.71774,614.93428,810.22047
684,377.50023,616.33609,812.15603
687,378.28153,617.73575,814.08862
690,379.06165,619.13327,816.01824
693,379.84061,620.52866,817.94493
696,380.6184,621.92193,819.86869
699,381.39504,623.31309,821.78954
702,382.17054,624.70217,823.7075
705,382.94489,626.08916,825.62258
708,383.7181,627.47408,827.53481
711,384.49018,628.85695,829.44419
714,385.26114,630.23777,831.35075
717,386.03099,631.61656,833.2545
720,386.79972,632.99332,835.15545
723,387.56734,634.36808,837.05362
726,388.33387,635.74083,838.94903
729,389.0993,637.11159,840.8417
732,389.86365,638.48037,842.73163
735,390.62691,639.84719,844.61884
738,391.3891,641.21205,846.50335
741,392.15021,642.57496,848.38517
744,392.91026,643.93593,850.26431
747,393.66925,645.29498,852.1408
750,394.42719,646.65212,854.01464
753,395.18408,648.00735,855.88586
756,395.93993,649.36068,857.75445
759,396.69474,650.71213,859.62045
762,397.44852,652.06171,861.48385
765,398.20127,653.40942,863.34468
768,398.95299,654.75527,865.20295
771,399.70371,656.09928,867.05867
774,400.45341,657.44145,868.91186
777,401.2021,658.7818,870.76252
780,401.9498,660.12033,872.61067
783,402.69649,661.45705,874.45633
786,403.4422,662.79197,876.29951
789,404.18692,664.1251,878.14022
792,404.93066,665.45646,879.97847
795,405.67342,666.78604,881.81428
798,406.41521,668.11386,883.64765
801,407.15603,669.43992,885.4786
804,407.8959,670.76424,887.30715
807,408.6348,672.08683,889.1333
810,409.37275,673.40768,890.95706
813,410.10975,674.72682,892.77846
816,410.84581,676.04425,894.59749
819,411.58093,677.35997,896.41418
822,412.31512,678.67401,898.22852
825,413.04837,679.98635,900.04055
828,413.7807,681.29702,901.85025
831,414.51211,682.60602,903.65766
834,415.2426,683.91336,905.46277
837,415.97218,685.21905,907.26561
840,416.70085,686.52309,909.06617
843,417.42861,687.82549,910.86448
846,418.15548,689.12626,912.66054
849,418.88145,690.42541,914.45436
852,419.60653,691.72295,916.24595
855,420.33072,693.01888,918.03533
858,421.05402,694.31322,919.8225
861,421.77645,695.60596,921.60748
864,422.498,696.89711,923.39027
867,423.21868,698.1867,925.17089
870,423.9385,699.47471,926.94934
873,424.65745,700.76115,928.72564
876,425.37554,702.04605,930.4998
879,426.09277,703.32939,932.27182
882,426.80915,704.6112,934.04172
885,427.52469,705.89147,935.8095
888,428.23937,707.17022,937.57517
891,428.95322,708.44744,939.33875
894,429.66623,709.72315,941.10025
897,430.37841,710.99736,942.85966
900,431.08976,712.27007,944.61701
903,431.80028,713.54128,946.3723
906,432.50998,714.81101,948.12555
909,433.21886,716.07926,949.87675
912,433.92693,717.34603,951.62592
915,434.63418,718.61134,953.37307
918,435.34063,719.87519,955.11821
921,436.04627,721.13758,956.86134
924,436.75111,722.39853,958.60248
927,437.45515,723.65804,960.34163
930,438.1584,724.91611,962.0788
933,438.86086,726.17275,963.814
936,439.56252,727.42797,965.54725
939,440.26341,728.68178,967.27854
942,440.96351,729.93417,969.00789
945,441.66283,731.18516,970.7353
948,442.36138,732.43475,972.46078
951,443.05916,733.68295,974.18435
954,443.75617,734.92977,975.906
957,444.45242,736.1752,977.62576
960,445.1479,737.41926,979.34362
963,445.84262,738.66195,981.05959
966,446.53659,739.90328,982.77368
969,447.22981,741.14324,984.4859
972,447.92227,742.38186,986.19626
975,448.61399,743.61913,987.90476
978,449.30497,744.85506,989.61142
981,449.9952,746.08966,991.31623
984,450.6847,747.32292,993.01922
987,451.37347,748.55486,994.72037
990,452.0615,749.78548,996.41971
993,452.7488,751.01479,998.11724
996,453.43538,752.24279,999.81297
999,454.12123,753.46949,1001.50691
1002,454.80637,754.69489,1003.19905
1005,455.49079,755.919,1004.88941
1008,456.17449,757.14182,1006.57801
1011,456.85748,758.36335,1008.26483
1014,457.53977,759.58361,1009.94989
1017,458.22134,760.8026,1011.63321
1020,458.90222,762.02032,1013.31477
1023,459.58239,763.23678,1014.9946
1026,460.26187,764.45199,1016.6727
1029,460.94065,765.66594,1018.34907
1032,461.61873,766.87864,1020.02372
1035,462.29613,768.0901,1021.69667
1038,462.97284,769.30033,1023.3679
1041,463.64887,770.50932,1025.03745
1044,464.32421,771.71709,1026.70529
1047,464.99888,772.92363,1028.37146
1050,465.67287,774.12895,1030.03594
1053,466.34618,775.33306,1031.69876
1056,467.01882,776.53596,1033.35991
1059,467.6908,777.73765,1035.0194
1062,468.36211,778.93815,1036.67723
1065,469.03275,780.13745,1038.33342
1068,469.70273,781.33556,1039.98798
1071,470.37205,782.53249,1041.64089
1074,471.04072,783.72823,1043.29218
1077,471.70873,784.92279,1044.94185
1080,472.37609,786.11619,1046.5899
1083,473.0428,787.30841,1048.23634
1086,473.70886,788.49947,1049.88118
1089,474.37428,789.68937,1051.52443
1092,475.03905,790.87811,1053.16608
1095,475.70319,792.0657,1054.80614
1098,476.36668,793.25215,1056.44463
1101,477.02954,794.43745,1058.08154
1104,477.69177,795.62162,1059.71688
1107,478.35337,796.80465,1061.35067
1110,479.01434,797.98655,1062.98289
1113,479.67468,799.16732,1064.61356
1116,480.3344,800.34697,1066.24269
1119,480.9935,801.5255,1067.87028
1122,481.65197,802.70292,1069.49634
1125,482.30983,803.87923,1071.12086
1128,482.96708,805.05444,1072.74387
1131,483.62371,806.22854,1074.36535
1134,484.27973,807.40154,1075.98533
1137,484.93514,808.57345,1077.60379
1140,485.58994,809.74427,1079.22076
1143,486.24414,810.914,1080.83623
1146,486.89774,812.08265,1082.45021
1149,487.55073,813.25022,1084.0627
1152,488.20313,814.41671,1085.67372
1155,488.85493,815.58214,1087.28326
1158,489.50614,816.74649,1088.89132
1161,490.15676,817.90979,1090.49793
1164,490.80678,819.07202,1092.10307
1167,491.45622,820.2332,1093.70676
1170,492.10507,821.39332,1095.309
1173,492.75334,822.55239,1096.9098
1176,493.40102,823.71042,1098.50916
1179,494.04813,824.86741,1100.10708
1182,494.69465,826.02336,1101.70357
1185,495.3406,827.17827,1103.29864
1188,495.98598,828.33215,1104.89229
1191,496.63078,829.48501,1106.48452
1194,497.27501,830.63684,1108.07535
1197,497.91868,831.78765,1109.66477
1200,498.56177,832.93744,1111.25278
1203,499.20431,834.08622,1112.83941
1206,499.84628,835.23399,1114.42464
1209,500.48768,836.38075,1116.00848
1212,501.12853,837.52651,1117.59094
1215,501.76883,838.67126,1119.17203
1218,502.40856,839.81502,1120.75174
1221,503.04774,840.95779,1122.33009
1224,503.68637,842.09956,1123.90707
1227,504.32445,843.24035,1125.48269
1230,504.96199,844.38016,1127.05696
1233,505.59897,845.51898,1128.62988
1236,506.23541,846.65682,1130.20145
1239,506.87131,847.7937,1131.77169
1242,507.50666,848.9296,1133.34058
1245,508.14148,850.06453,1134.90814
1248,508.77576,851.1985,1136.47438
1251,509.4095,852.3315,1138.03929
1254,510.04271,853.46355,1139.60288
1257,510.67539,854.59464,1141.16516
1260,511.30753,855.72478,1142.72612
1263,511.93914,856.85397,1144.28578
1266,512.57023,857.98222,1145.84414
1269,513.20079,859.10952,1147.4012
1272,513.83083,860.23588,1148.95696
1275,514.46034,861.3613,1150.51144
1278,515.08934,862.48579,1152.06463
1281,515.71781,863.60934,1153.61653
1284,516.34577,864.73197,1155.16716
1287,516.97321,865.85368,1156.71652
1290,517.60013,866.97446,1158.2646
1293,518.22654,868.09432,1159.81142
1296,518.85244,869.21326,1161.35698
1299,519.47783,870.33129,1162.90128
1302,520.10272,871.44841,1164.44433
1305,520.72709,872.56462,1165.98612
1308,521.35096,873.67993,1167.52667
1311,521.97433,874.79433,1169.06598
1314,522.59719,875.90783,1170.60405
1317,523.21956,877.02044,1172.14089
1320,523.84142,878.13215,1173.67649
1323,524.46279,879.24297,1175.21087
1326,525.08366,880.3529,1176.74402
1329,525.70404,881.46195,1178.27596
1332,526.32392,882.57011,1179.80668
1335,526.94332,883.67739,1181.33619
1338,527.56222,884.78379,1182.86448
1341,528.18063,885.88932,1184.39158
1344,528.79856,886.99397,1185.91747
1347,529.416,888.09776,1187.44217
1350,530.03295,889.20067,1188.96567
1353,530.64943,890.30272,1190.48798
1356,531.26542,891.40391,1192.00911
1359,531.88093,892.50424,1193.52905
1362,532.49596,893.60371,1195.04781
1365,533.11052,894.70233,1196.5654
1368,533.7246,895.8001,1198.08181
1371,534.33821,896.89701,1199.59706
1374,534.95134,897.99308,1201.11114
1377,535.564,899.08831,1202.62405
1380,536.17619,900.18269,1204.13581
1383,536.78792,901.27623,1205.64642
1386,537.39917,902.36893,1207.15587
1389,538.00996,903.4608,1208.66417
1392,538.62028,904.55184,1210.17133
1395,539.23014,905.64205,1211.67735
1398,539.83954,906.73143,1213.18222
1401,540.44848,907.81999,1214.68596
1404,541.05695,908.90772,1216.18858
1407,541.66497,909.99463,1217.69006
1410,542.27254,911.08073,1219.19041
1413,542.87964,912.16601,1220.68965
1416,543.48629,913.25047,1222.18776
1419,544.09249,914.33413,1223.68476
1422,544.69824,915.41697,1225.18065
1425,545.30354,916.49901,1226.67543
1428,545.90839,917.58025,1228.1691
1431,546.51279,918.66068,1229.66167
1434,547.11674,919.74032,1231.15313
1437,547.72025,920.81915,1232.64351
1440,548.32331,921.8972,1234.13278
1443,548.92593,922.97445,1235.62097
1446,549.52811,924.0509,1237.10807
1449,550.12985,925.12658,1238.59409
1452,550.73115,926.20146,1240.07902
1455,551.33201,927.27556,1241.56288
1458,551.93243,928.34888,1243.04566
1461,552.53242,929.42142,1244.52736
1464,553.13197,930.49318,1246.008
1467,553.73109,931.56417,1247.48758
1470,554.32978,932.63438,1248.96608
1473,554.92804,933.70383,1250.44353
1476,555.52587,934.7725,1251.91992
1479,556.12326,935.84041,1253.39526
1482,556.72024,936.90755,1254.86954
1485,557.31678,937.97393,1256.34277
1488,557.9129,939.03955,1257.81496
1491,558.5086,940.10441,1259.28611
1494,559.10387,941.16852,1260.75621
1497,559.69872,942.23187,1262.22528
1500,560.29315,943.29447,1263.69331
1504,561.08507,944.7101,1265.64909
1508,561.87625,946.1244,1267.60303
1512,562.66669,947.53738,1269.55515
1516,563.45639,948.94904,1271.50546
1520,564.24536,950.35938,1273.45396
1524,565.03359,951.76842,1275.40066
1528,565.82109,953.17615,1277.34556
1532,566.60787,954.58258,1279.28867
1536,567.39392,955.98771,1281.23
1540,568.17925,957.39155,1283.16955
1544,568.96386,958.79411,1285.10734
1548,569.74775,960.19538,1287.04336
1552,570.53092,961.59537,1288.97762
1556,571.31339,962.99409,1290.91013
1560,572.09514,964.39154,1292.84089
1564,572.87619,965.78773,1294.76991
1568,573.65653,967.18266,1296.6972
1572,574.43617,968.57633,1298.62277
1576,575.2151,969.96874,1300.54661
1580,575.99334,971.35992,1302.46873
1584,576.77089,972.74984,1304.38915
1588,577.54774,974.13853,1306.30786
1592,578.3239,975.52599,1308.22487
1596,579.09937,976.91221,1310.14019
1600,579.87416,978.29721,1312.05383
1604,580.64826,979.68098,1313.96578
1608,581.42168,981.06354,1315.87606
1612,582.19442,982.44488,1317.78467
1616,582.96648,983.82502,1319.69161
1620,583.73787,985.20394,1321.5969
1624,584.50859,986.58167,1323.50053
1628,585.27863,987.9582,1325.40252
1632,586.04801,989.33353,1327.30286
1636,586.81672,990.70768,1329.20157
1640,587.58477,992.08064,1331.09864
1644,588.35215,993.45241,1332.99409
1648,589.11888,994.82301,1334.88792
1652,589.88495,996.19244,1336.78014
1656,590.65036,997.56069,1338.67075
1660,591.41512,998.92778,1340.55975
1664,592.17923,1000.2937,1342.44715
1668,592.94269,1001.65847,1344.33296
1672,593.7055,1003.02208,1346.21718
1676,594.46767,1004.38454,1348.09981
1680,595.2292,1005.74585,1349.98087
1684,595.99008,1007.10602,1351.86035
1688,596.75033,1008.46504,1353.73827
1692,597.50994,1009.82293,1355.61462
1696,598.26891,1011.17969,1357.48942
1700,599.02726,1012.53532,1359.36266
1704,599.78497,1013.88982,1361.23435
1708,600.54205,1015.2432,1363.1045
1712,601.29851,1016.59546,1364.97311
1716,602.05434,1017.94661,1366.84019
1720,602.80955,1019.29664,1368.70573
1724,603.56414,1020.64557,1370.56976
1728,604.31811,1021.99339,1372.43226
1732,605.07147,1023.34011,1374.29325
1736,605.82421,1024.68573,1376.15273
1740,606.57633,1026.03026,1378.01071
1744,607.32785,1027.3737,1379.86718
1748,608.07875,1028.71605,1381.72216
1752,608.82905,1030.05731,1383.57565
1756,609.57874,1031.39749,1385.42766
1760,610.32783,1032.7366,1387.27818
1764,611.07632,1034.07463,1389.12722
1768,611.8242,1035.4116,1390.97479
1772,612.57149,1036.74749,1392.82089
1776,613.31819,1038.08232,1394.66553
1780,614.06428,1039.41609,1396.50871
1784,614.80979,1040.7488,1398.35044
1788,615.5547,1042.08046,1400.19071
1792,616.29903,1043.41106,1402.02954
1796,617.04276,1044.74062,1403.86693
1800,617.78592,1046.06913,1405.70288
1804,618.52848,1047.3966,1407.53739
1808,619.27047,1048.72303,1409.37048
1812,620.01187,1050.04842,1411.20215
1816,620.7527,1051.37278,1413.03239
1820,621.49295,1052.69612,1414.86122
1824,622.23262,1054.01842,1416.68864
1828,622.97172,1055.33971,1418.51465
1832,623.71025,1056.65997,1420.33925
1836,624.44821,1057.97921,1422.16246
1840,625.1856,1059.29744,1423.98427
1844,625.92242,1060.61466,1425.80469
1848,626.65868,1061.93087,1427.62373
1852,627.39437,1063.24608,1429.44138
1856,628.12951,1064.56028,1431.25765
1860,628.86408,1065.87348,1433.07255
1864,629.59809,1067.18569,1434.88608
1868,630.33155,1068.4969,1436.69824
1872,631.06445,1069.80712,1438.50904
1876,631.79679,1071.11636,1440.31848
1880,632.52859,1072.42461,1442.12657
1884,633.25983,1073.73187,1443.9333
1888,633.99052,1075.03816,1445.73869
1892,634.72067,1076.34347,1447.54274
1896,635.45027,1077.6478,1449.34544
1900,636.17932,1078.95117,1451.14681
1904,636.90784,1080.25356,1452.94685
1908,637.63581,1081.55499,1454.74556
1912,638.36324,1082.85546,1456.54295
1916,639.09013,1084.15497,1458.33902
1920,639.81649,1085.45352,1460.13377
1924,640.54231,1086.75112,1461.9272
1928,641.26759,1088.04776,1463.71933
1932,641.99235,1089.34345,1465.51015
1936,642.71657,1090.6382,1467.29968
1940,643.44026,1091.932,1469.0879
1944,644.16343,1093.22487,1470.87483
1948,644.88607,1094.51679,1472.66047
1952,645.60818,1095.80778,1474.44482
1956,646.32977,1097.09783,1476.22788
1960,647.05084,1098.38695,1478.00967
1964,647.77139,1099.67515,1479.79018
1968,648.49142,1100.96242,1481.56942
1972,649.21093,1102.24876,1483.34738
1976,649.92992,1103.53418,1485.12409
1980,650.6484,1104.81869,1486.89953
1984,651.36637,1106.10228,1488.67371
1988,652.08382,1107.38496,1490.44663
1992,652.80076,1108.66672,1492.2183
1996,653.5172,1109.94758,1493.98872
2000,654.23312,1111.22754,1495.7579
