mwradiation_frequency,lockinIC_R,lockinIC_T
1.29E+11,5.142521e-07,138.7606
1.29002E+11,5.351062e-07,-144.5793
1.29004E+11,7.94392e-07,-66.87731
1.29006E+11,1.070927e-07,-125.6706
1.29008E+11,7.554721e-07,-112.6156
1.2901E+11,5.777198e-07,-36.11204
1.29012E+11,7.478278e-07,-112.2361
1.29014E+11,1.566085e-06,176.6782
1.29016E+11,4.761256e-07,150.8611
1.29018E+11,6.757602e-07,102.5618
1.2902E+11,7.628314e-07,138.7029
1.29022E+11,3.708712e-07,-167.571
1.29024E+11,2.053845e-07,47.68023
1.29026E+11,7.334165e-07,93.00006
1.29028E+11,9.839572e-07,173.4124
1.2903E+11,5.850736e-07,87.5978
1.29032E+11,8.703377e-07,88.32517
1.29034E+11,6.549842e-07,-23.96709
1.29036E+11,6.546098e-07,13.15633
1.29038E+11,6.969831e-07,58.16685
1.2904E+11,8.726678e-08,-24.24511
1.29042E+11,4.036892e-07,152.9442
1.29044E+11,5.963277e-07,76.4084
1.29046E+11,5.483329e-07,142.6342
1.29048E+11,4.836916e-07,-89.41525
1.2905E+11,6.17288e-07,145.1476
1.29052E+11,1.254145e-06,19.23774
1.29054E+11,6.045978e-07,81.88175
1.29056E+11,8.10055e-07,87.59605
1.29058E+11,1.205915e-06,-172.6352
1.2906E+11,6.978884e-07,-45.97292
1.29062E+11,9.841918e-07,-11.3546
1.29064E+11,7.546227e-07,121.132
1.29066E+11,8.574239e-07,176.9614
1.29068E+11,2.8437e-07,-73.27083
1.2907E+11,1.479227e-06,53.80839
1.29072E+11,3.021061e-07,-37.16639
1.29074E+11,1.131087e-06,168.3867
1.29076E+11,8.772946e-07,27.61862
1.29078E+11,1.239549e-06,28.35648
1.2908E+11,6.658025e-07,11.42979
1.29082E+11,4.822835e-07,-8.786179
1.29084E+11,1.585688e-06,77.11468
1.29086E+11,1.327766e-06,78.10607
1.29088E+11,6.341412e-07,90.73686
1.2909E+11,4.725772e-07,108.8224
1.29092E+11,9.608455e-07,70.01663
1.29094E+11,5.324352e-07,16.77287
1.29096E+11,1.273211e-06,4.352534
1.29098E+11,6.877742e-07,109.8925
1.291E+11,1.025978e-06,97.46354
1.29102E+11,1.558251e-06,86.69044
1.29104E+11,9.396839e-07,132.5225
1.29106E+11,1.060914e-06,50.24341
1.29108E+11,8.623637e-07,8.387517
1.2911E+11,7.77455e-07,129.7705
1.29112E+11,7.739625e-07,33.73169
1.29114E+11,2.400185e-07,39.84401
1.29116E+11,6.329566e-07,73.51562
1.29118E+11,3.974922e-07,38.95673
1.2912E+11,3.416072e-07,-28.98146
1.29122E+11,5.555357e-07,118.4211
1.29124E+11,1.264901e-06,57.86436
1.29126E+11,6.116554e-07,45.8383
1.29128E+11,7.86513e-07,61.34451
1.2913E+11,3.388132e-07,32.77527
1.29132E+11,4.244428e-07,163.624
1.29134E+11,1.07171e-06,18.50687
1.29136E+11,6.700661e-07,12.4849
1.29138E+11,9.618848e-07,73.84959
1.2914E+11,3.822706e-07,112.6366
1.29142E+11,1.015383e-06,51.46289
1.29144E+11,1.801718e-07,-19.56734
1.29146E+11,7.116347e-07,100.531
1.29148E+11,8.304454e-07,20.90657
1.2915E+11,1.155249e-06,159.0269
1.29152E+11,1.001341e-06,31.132
1.29154E+11,6.64981e-07,43.70184
1.29156E+11,8.316356e-07,87.38098
1.29158E+11,8.643977e-07,89.61982
1.2916E+11,6.432998e-07,140.9278
1.29162E+11,1.057108e-06,92.65735
1.29164E+11,1.146035e-06,100.1927
1.29166E+11,5.893819e-07,56.3872
1.29168E+11,3.507323e-07,9.359678
1.2917E+11,9.643714e-07,89.12249
1.29172E+11,4.095286e-07,67.32843
1.29174E+11,7.165577e-07,108.3621
1.29176E+11,4.993658e-07,121.5166
1.29178E+11,2.354476e-07,176.6607
1.2918E+11,2.9473e-07,-133.0226
1.29182E+11,9.600911e-07,23.59466
1.29184E+11,4.120767e-07,5.342727
1.29186E+11,3.890991e-07,12.24362
1.29188E+11,1.024067e-06,16.94585
1.2919E+11,4.656147e-07,141.0292
1.29192E+11,7.21788e-07,24.00031
1.29194E+11,1.039657e-06,95.84979
1.29196E+11,2.865828e-07,84.79713
1.29198E+11,1.352509e-06,93.67148
1.292E+11,4.782937e-07,-106.8095
1.29202E+11,6.074812e-07,38.27482
1.29204E+11,4.672296e-07,94.39504
1.29206E+11,2.842359e-07,137.7921
1.29208E+11,3.126896e-07,60.02539
1.2921E+11,7.206257e-07,48.70822
1.29212E+11,2.347268e-07,-150.2876
1.29214E+11,7.621329e-07,-40.88086
1.29216E+11,4.130322e-07,-171.0529
1.29218E+11,9.387619e-07,55.20357
1.2922E+11,3.256089e-07,125.6007
1.29222E+11,6.548501e-07,-92.19237
1.29224E+11,7.302761e-07,168.9408
1.29226E+11,4.639606e-07,-75.15123
1.29228E+11,1.392407e-06,148.9309
1.2923E+11,5.416721e-07,-78.87795
1.29232E+11,3.911219e-07,20.7597
1.29234E+11,9.062513e-07,55.75086
1.29236E+11,3.017485e-07,117.2549
1.29238E+11,5.45483e-07,43.37837
1.2924E+11,4.31383e-07,57.08135
1.29242E+11,2.705622e-07,32.8522
1.29244E+11,4.422739e-07,-8.702249
1.29246E+11,5.10659e-07,129.816
1.29248E+11,4.778355e-07,109.8051
1.2925E+11,1.183077e-07,-177.4719
1.29252E+11,7.996838e-07,83.2236
1.29254E+11,3.400426e-07,-93.17142
1.29256E+11,9.686741e-07,140.3763
1.29258E+11,1.897718e-07,-0.6406993
1.2926E+11,5.06971e-07,50.29237
1.29262E+11,1.033991e-07,-7.108595
1.29264E+11,3.193616e-07,-110.7771
1.29266E+11,4.371218e-07,-72.55756
1.29268E+11,6.322469e-07,139.5125
1.2927E+11,5.063395e-07,112.6156
1.29272E+11,5.989093e-07,39.54074
1.29274E+11,9.725689e-07,135.0986
1.29276E+11,1.457015e-06,-169.1612
1.29278E+11,1.285549e-06,101.2488
1.2928E+11,6.275139e-07,151.7571
1.29282E+11,5.885548e-07,61.97221
1.29284E+11,7.122326e-07,61.7082
1.29286E+11,6.007477e-07,-167.0534
1.29288E+11,5.40398e-07,159.3801
1.2929E+11,8.794628e-07,143.8687
1.29292E+11,4.815515e-07,-25.0564
1.29294E+11,6.779283e-08,-23.88141
1.29296E+11,3.14841e-07,-114.6227
1.29298E+11,4.615858e-07,-54.05306
1.293E+11,3.1217e-07,22.96531
1.29302E+11,8.087363e-07,152.4862
1.29304E+11,1.385221e-06,84.30232
1.29306E+11,1.173879e-06,145.9658
1.29308E+11,1.071285e-06,-21.24403
1.2931E+11,1.331532e-06,-109.8436
1.29312E+11,1.417893e-06,132.102
1.29314E+11,6.399191e-07,-136.7999
1.29316E+11,4.712417e-07,-53.83374
1.29318E+11,3.086272e-07,37.69444
1.2932E+11,5.976576e-07,-56.7229
1.29322E+11,1.249769e-06,109.1564
1.29324E+11,6.621591e-07,-107.862
1.29326E+11,1.490352e-06,-150.4992
1.29328E+11,5.964506e-07,-127.7224
1.2933E+11,5.124136e-07,-121.1599
1.29332E+11,8.468236e-07,-166.7737
1.29334E+11,1.090306e-06,165.3802
1.29336E+11,7.539186e-07,177.8216
1.29338E+11,9.571183e-07,-136.2474
1.2934E+11,7.337518e-07,98.79667
1.29342E+11,2.987142e-07,99.65692
1.29344E+11,5.790777e-07,-141.288
1.29346E+11,5.054958e-07,143.5889
1.29348E+11,5.723498e-07,-156.157
1.2935E+11,1.065451e-06,-139.5387
1.29352E+11,7.96454e-07,-99.35967
1.29354E+11,4.860386e-07,-45.86278
1.29356E+11,3.235526e-07,-25.53802
1.29358E+11,5.404092e-07,143.0609
1.2936E+11,1.005733e-06,65.05724
1.29362E+11,6.154663e-07,59.153
1.29364E+11,6.982348e-07,-174.4806
1.29366E+11,1.0575e-06,-107.5823
1.29368E+11,9.987484e-07,9.989023
1.2937E+11,6.151758e-07,169.1227
1.29372E+11,7.875971e-07,-160.4466
1.29374E+11,3.786776e-07,-61.51412
1.29376E+11,4.163011e-07,107.0507
1.29378E+11,1.149801e-06,123.6538
1.2938E+11,8.090604e-07,76.85065
1.29382E+11,1.706432e-06,160.8697
1.29384E+11,9.014457e-07,168.4313
1.29386E+11,5.505848e-07,-179.5411
1.29388E+11,5.722884e-07,-119.3941
1.2939E+11,6.974693e-07,114.7084
1.29392E+11,1.102471e-06,-123.5437
1.29394E+11,4.390049e-07,-37.8342
1.29396E+11,7.293261e-07,-6.547335
1.29398E+11,4.921574e-07,163.8023
1.294E+11,4.173461e-07,62.89531
1.29402E+11,9.726248e-07,151.7676
1.29404E+11,6.104819e-07,161.1495
1.29406E+11,6.70161e-07,-172.379
1.29408E+11,5.171634e-07,-90.88099
1.2941E+11,5.81637e-07,-5.232585
1.29412E+11,7.018949e-07,-87.57332
1.29414E+11,2.729929e-07,173.3634
1.29416E+11,3.145001e-07,-22.66458
1.29418E+11,1.393904e-06,-175.1809
1.2942E+11,4.098527e-07,-127.537
1.29422E+11,5.524344e-07,-109.4239
1.29424E+11,2.786479e-07,-148.6336
1.29426E+11,3.112535e-07,85.3147
1.29428E+11,4.746615e-07,-78.27044
1.2943E+11,1.073291e-06,150.5202
1.29432E+11,5.841292e-07,-92.35498
1.29434E+11,7.142331e-07,-121.4729
1.29436E+11,6.899535e-07,-171.8607
1.29438E+11,3.420989e-07,122.5514
1.2944E+11,8.67214e-07,3.814864
1.29442E+11,8.464884e-07,87.99821
1.29444E+11,1.42708e-06,94.58388
1.29446E+11,5.859509e-07,-125.6899
1.29448E+11,2.916008e-07,-69.36618
1.2945E+11,1.326425e-06,-61.3209
1.29452E+11,1.352509e-06,-31.702
1.29454E+11,1.243483e-06,-93.48877
1.29456E+11,1.268349e-07,-107.2256
1.29458E+11,4.01616e-07,-65.9717
1.2946E+11,4.446264e-07,-161.146
1.29462E+11,3.69044e-07,-89.06654
1.29464E+11,4.886705e-07,-45.0376
1.29466E+11,1.04719e-06,-22.61213
1.29468E+11,6.278436e-07,-153.203
1.2947E+11,6.1821e-07,-156.1045
1.29472E+11,1.036059e-06,-147.0219
1.29474E+11,4.016887e-07,178.7867
1.29476E+11,1.122577e-06,-139.6069
1.29478E+11,6.556995e-07,-41.10992
1.2948E+11,4.213526e-07,-82.49623
1.29482E+11,1.045078e-06,-34.43273
1.29484E+11,6.05693e-07,-162.1536
1.29486E+11,1.074582e-06,-61.80437
1.29488E+11,8.195713e-07,-131.4734
1.2949E+11,6.646849e-07,-88.55248
1.29492E+11,1.301681e-06,-160.8418
1.29494E+11,4.562381e-07,-45.68443
1.29496E+11,3.32091e-07,136.4642
1.29498E+11,3.377292e-07,176.5628
1.29501E+11,2.228021e-07,-50.32384
1.29503E+11,8.636601e-07,-69.54453
1.29505E+11,5.501266e-07,177.6275
1.29507E+11,8.842907e-07,-91.22545
1.29509E+11,1.181876e-06,-125.9224
1.29511E+11,4.64648e-07,-116.6885
1.29513E+11,1.505836e-07,-53.02944
1.29515E+11,6.43596e-07,165.4921
1.29517E+11,1.250054e-06,-163.7438
1.29519E+11,1.298613e-06,-123.8672
1.29521E+11,2.818219e-07,-88.1888
1.29523E+11,7.09461e-07,-37.53707
1.29525E+11,4.185419e-07,17.05426
1.29527E+11,1.269098e-06,-174.7368
1.29529E+11,1.22017e-06,-140.0064
1.29531E+11,8.27847e-07,-130.6465
1.29533E+11,7.802881e-07,-154.4252
1.29535E+11,9.592976e-07,-134.5848
1.29537E+11,6.49793e-07,4.409031
1.29539E+11,4.253257e-07,75.48345
1.29541E+11,7.245987e-07,138.869
1.29543E+11,4.906039e-07,-110.0393
1.29545E+11,6.243679e-07,-127.3342
1.29547E+11,6.260499e-07,-129.3344
1.29549E+11,7.674247e-07,-1.989546
1.29551E+11,1.490771e-06,-21.59811
1.29553E+11,4.821717e-07,-108.9868
1.29555E+11,7.858537e-07,138.7029
1.29557E+11,3.534816e-07,-156.9332
1.29559E+11,6.526764e-07,-146.6564
1.29561E+11,1.967512e-07,175.9962
1.29563E+11,8.073449e-07,-111.9022
1.29565E+11,1.047257e-06,-88.01744
1.29567E+11,9.481552e-07,-130.8686
1.29569E+11,8.007846e-07,-100.2582
1.29571E+11,7.744152e-07,134.0707
1.29573E+11,6.773304e-07,-77.46788
1.29575E+11,7.812436e-07,-150.5534
1.29577E+11,5.661416e-07,-175.678
1.29579E+11,1.278955e-06,-153.3376
1.29581E+11,9.46423e-07,-146.0917
1.29583E+11,6.514862e-07,-85.18006
1.29585E+11,4.306398e-07,-158.8871
1.29587E+11,5.05289e-07,-37.18737
1.29589E+11,4.5925e-07,127.7399
1.29591E+11,4.051867e-07,170.2557
1.29593E+11,1.116016e-06,173.3084
1.29595E+11,1.333124e-06,-167.0097
1.29597E+11,5.99049e-07,-65.40345
1.29599E+11,5.861241e-07,-77.47313
1.29601E+11,1.022212e-06,-114.9689
1.29603E+11,6.489157e-07,-114.259
1.29605E+11,5.04367e-07,-138.953
1.29607E+11,9.193103e-07,-109.6652
1.29609E+11,2.88695e-07,169.7347
1.29611E+11,9.013786e-07,-99.55551
1.29613E+11,2.292171e-07,-76.41015
1.29615E+11,5.190353e-07,-137.1696
1.29617E+11,2.03859e-07,-158.7542
1.29619E+11,5.897842e-07,-97.54222
1.29621E+11,1.151338e-06,-131.2795
1.29623E+11,1.106299e-06,-133.5908
1.29625E+11,7.220171e-07,-77.7791
1.29627E+11,7.003415e-07,-147.1967
1.29629E+11,5.941875e-07,72.98595
1.29631E+11,7.904749e-07,139.2327
1.29633E+11,1.409925e-06,-121.82
1.29635E+11,7.538739e-07,-120.2368
1.29637E+11,1.125471e-06,-71.94122
1.29639E+11,9.266193e-07,-147.602
1.29641E+11,9.356942e-07,-65.91225
1.29643E+11,1.252569e-06,-86.1082
1.29645E+11,6.029158e-07,-93.39698
1.29647E+11,1.584129e-06,-115.9742
1.29649E+11,9.60404e-07,169.7941
1.29651E+11,1.048307e-06,-108.0159
1.29653E+11,3.268327e-07,-9.125377
1.29655E+11,1.017183e-06,-105.4527
1.29657E+11,7.279068e-07,-81.80132
1.29659E+11,3.352593e-07,-116.1395
1.29661E+11,7.785391e-07,-101.073
1.29663E+11,1.360315e-06,-100.2285
1.29665E+11,1.441519e-06,-110.0358
1.29667E+11,1.192929e-06,-122.1907
1.29669E+11,1.247389e-06,-132.7315
1.29671E+11,6.059166e-07,-146.4816
1.29673E+11,1.473471e-06,-144.686
1.29675E+11,1.485602e-06,-117.3904
1.29677E+11,2.160603e-06,-141.9634
1.29679E+11,1.267729e-06,-148.0304
1.29681E+11,1.296266e-06,-152.0876
1.29683E+11,1.57411e-06,-126.3244
1.29685E+11,1.375308e-06,179.7894
1.29687E+11,1.156602e-06,-133.8102
1.29689E+11,1.077007e-06,-119.2
1.29691E+11,1.148846e-06,-95.59014
1.29693E+11,1.551864e-06,-132.4001
1.29695E+11,2.384534e-06,-131.3826
1.29697E+11,2.226144e-06,-126.1575
1.29699E+11,1.872405e-06,-122.0045
1.29701E+11,1.602211e-06,-134.903
1.29703E+11,1.659438e-06,-124.3925
1.29705E+11,2.416882e-06,-109.6958
1.29707E+11,1.617455e-06,-109.2123
1.29709E+11,1.983202e-06,-115.6473
1.29711E+11,1.3807e-06,-130.9691
1.29713E+11,1.662813e-06,-126.0028
1.29715E+11,1.490894e-06,-109.5218
1.29717E+11,1.198958e-06,-143.4831
1.29719E+11,2.341652e-06,-139.4163
1.29721E+11,1.384248e-06,-130.4839
1.29723E+11,2.15654e-06,-135.9755
1.29725E+11,1.839475e-06,-128.0685
1.29727E+11,2.577217e-06,-90.39721
1.29729E+11,2.530038e-06,-130.3585
1.29731E+11,1.869281e-06,-99.93744
1.29733E+11,2.559218e-06,-121.1136
1.29735E+11,2.469604e-06,-124.7815
1.29737E+11,2.112904e-06,-121.577
1.29739E+11,2.693541e-06,-114.4072
1.29741E+11,3.064334e-06,-113.5248
1.29743E+11,3.232631e-06,-117.6806
1.29745E+11,2.563783e-06,-108.5615
1.29747E+11,2.863464e-06,-126.967
1.29749E+11,3.446487e-06,-123.7395
1.29751E+11,2.86119e-06,-95.55036
1.29753E+11,2.203591e-06,-111.8891
1.29755E+11,3.011327e-06,-118.2354
1.29757E+11,3.226401e-06,-121.8182
1.29759E+11,3.778578e-06,-109.9432
1.29761E+11,3.676531e-06,-113.7703
1.29763E+11,3.553424e-06,-104.3775
1.29765E+11,3.105791e-06,-113.9517
1.29767E+11,3.192398e-06,-102.5181
1.29769E+11,2.877339e-06,-105.4038
1.29771E+11,3.810295e-06,-108.3079
1.29773E+11,3.857787e-06,-123.6145
1.29775E+11,3.85173e-06,-130.1972
1.29777E+11,3.707326e-06,-119.9094
1.29779E+11,3.373051e-06,-126.9054
1.29781E+11,3.978956e-06,-113.0807
1.29783E+11,4.963846e-06,-115.5421
1.29785E+11,4.114391e-06,-110.5935
1.29787E+11,4.792179e-06,-100.5127
1.29789E+11,4.594769e-06,-104.3351
1.29791E+11,3.568841e-06,-108.1418
1.29793E+11,4.141783e-06,-111.9267
1.29795E+11,3.42209e-06,-109.9686
1.29797E+11,4.424817e-06,-114.0641
1.29799E+11,4.855407e-06,-117.0067
1.29801E+11,4.886213e-06,-102.0281
1.29803E+11,4.41082e-06,-109.9096
1.29805E+11,4.276961e-06,-113.4959
1.29807E+11,5.091665e-06,-118.2594
1.29809E+11,4.187269e-06,-112.2117
1.29811E+11,5.438888e-06,-103.507
1.29813E+11,4.427025e-06,-111.7975
1.29815E+11,3.959778e-06,-105.7447
1.29817E+11,3.7776e-06,-114.0606
1.29819E+11,4.573574e-06,-114.6688
1.29821E+11,3.94397e-06,-115.201
1.29823E+11,4.162307e-06,-115.5764
1.29825E+11,2.88357e-06,-111.0184
1.29827E+11,3.467375e-06,-102.6929
1.29829E+11,3.55952e-06,-110.9555
1.29831E+11,4.002599e-06,-111.0753
1.29833E+11,4.665898e-06,-117.5117
1.29835E+11,3.837212e-06,-121.5831
1.29837E+11,3.832155e-06,-115.4278
1.29839E+11,4.578189e-06,-115.4326
1.29841E+11,4.020407e-06,-105.5148
1.29843E+11,4.50682e-06,-117.9477
1.29845E+11,5.307225e-06,-115.9054
1.29847E+11,4.457535e-06,-110.2994
1.29849E+11,4.038803e-06,-105.2696
1.29851E+11,3.584286e-06,-117.4726
1.29853E+11,4.399565e-06,-109.1321
1.29855E+11,3.860654e-06,-97.94176
1.29857E+11,3.738407e-06,-99.11313
1.29859E+11,4.591774e-06,-108.8174
1.29861E+11,4.059299e-06,-96.18932
1.29863E+11,4.021273e-06,-108.1903
1.29865E+11,4.156261e-06,-100.6499
1.29867E+11,4.136005e-06,-105.0743
1.29869E+11,3.600273e-06,-108.8478
1.29871E+11,3.114832e-06,-108.2537
1.29873E+11,4.493381e-06,-115.4355
1.29875E+11,3.718709e-06,-100.8776
1.29877E+11,4.065496e-06,-101.9769
1.29879E+11,3.732265e-06,-101.4866
1.29881E+11,3.639897e-06,-107.0004
1.29883E+11,3.473443e-06,-118.7568
1.29885E+11,3.12175e-06,-120.5052
1.29887E+11,3.371123e-06,-109.1887
1.29889E+11,2.697156e-06,-111.3227
1.29891E+11,3.660941e-06,-110.1774
1.29893E+11,2.941187e-06,-120.5022
1.29895E+11,2.955459e-06,-126.2051
1.29897E+11,2.305045e-06,-121.469
1.29899E+11,2.47717e-06,-129.7224
1.29901E+11,2.617808e-06,-115.309
1.29903E+11,2.538515e-06,-119.1462
1.29905E+11,2.458848e-06,-115.2474
1.29907E+11,2.879284e-06,-118.683
1.29909E+11,2.325056e-06,-115.5524
1.29911E+11,9.206794e-07,-132.4666
1.29913E+11,1.597316e-06,-111.9406
1.29915E+11,2.446431e-06,-102.9858
1.29917E+11,1.893768e-06,-85.05941
1.29919E+11,2.055142e-06,-120.9781
1.29921E+11,1.498466e-06,-98.09638
1.29923E+11,1.451058e-06,-132.5007
1.29925E+11,9.616501e-07,-149.2404
1.29927E+11,5.634371e-07,-131.8739
1.29929E+11,1.330649e-06,-142.0967
1.29931E+11,3.990735e-07,-89.75096
1.29933E+11,5.95875e-07,-151.306
1.29935E+11,9.287148e-07,96.20987
1.29937E+11,1.319406e-06,-121.1459
1.29939E+11,2.404298e-06,-110.1639
1.29941E+11,1.344636e-06,-97.80188
1.29943E+11,1.264778e-06,-141.5957
1.29945E+11,1.435127e-06,-135.6249
1.29947E+11,1.072805e-06,-166.9127
1.29949E+11,9.292066e-07,-143.456
1.29951E+11,3.183614e-07,-40.68678
1.29953E+11,8.381064e-07,-169.03
1.29955E+11,1.507854e-06,-127.9784
1.29957E+11,1.277139e-06,-125.5998
1.29959E+11,4.832334e-07,-114.1262
1.29961E+11,1.082936e-06,171.866
1.29963E+11,6.964802e-07,-175.7532
1.29965E+11,1.16828e-06,170.545
1.29967E+11,1.082841e-06,-159.1012
1.29969E+11,4.456266e-07,-91.74475
1.29971E+11,4.018116e-07,155.6254
1.29973E+11,1.24289e-06,-125.8883
1.29975E+11,2.20187e-07,-103.3102
1.29977E+11,8.576028e-07,-167.4731
1.29979E+11,1.372743e-06,-153.5116
1.29981E+11,1.033332e-06,-123.4641
1.29983E+11,1.364484e-06,-128.975
1.29985E+11,1.840313e-06,171.5775
1.29987E+11,1.392195e-06,-118.8495
1.29989E+11,2.121968e-06,-176.342
1.29991E+11,1.058762e-06,153.3639
1.29993E+11,4.570595e-07,110.5009
1.29995E+11,9.406339e-07,-134.5813
1.29997E+11,9.333975e-07,-44.03406
1.29999E+11,1.102259e-06,-125.6636
1.30001E+11,1.298697e-06,-65.40607
1.30003E+11,8.514672e-07,-111.7903
1.30005E+11,6.761793e-07,-165.4939
1.30007E+11,5.544908e-07,-126.6873
1.30009E+11,1.01374e-06,161.5923
1.30011E+11,9.541288e-07,165.8716
1.30013E+11,1.303525e-06,-169.2958
1.30015E+11,9.346436e-07,-176.4369
1.30017E+11,9.179022e-07,-124.1775
1.30019E+11,1.510262e-06,-178.9896
1.30021E+11,1.530775e-06,-121.0638
1.30023E+11,7.727388e-07,-117.2934
1.30025E+11,8.333567e-07,-159.4116
1.30027E+11,8.550938e-07,-162.9632
1.30029E+11,1.188017e-06,-144.116
1.30031E+11,1.434328e-06,-136.5429
1.30033E+11,9.77274e-07,-147.9377
1.30035E+11,1.243561e-06,-175.9508
1.30037E+11,1.325994e-06,175.4755
1.30039E+11,6.502512e-07,-23.74153
1.30041E+11,1.145588e-06,-136.6399
1.30043E+11,8.071213e-07,-138.9687
1.30045E+11,1.303754e-06,-169.1778
1.30047E+11,8.539985e-07,-112.4145
1.30049E+11,8.243713e-07,-139.4513
1.30051E+11,1.12608e-06,166.3533
1.30053E+11,5.010981e-07,-109.0008
1.30055E+11,8.965339e-07,-139.8482
1.30057E+11,1.147292e-06,-143.2138
1.30059E+11,1.585783e-06,-145.6337
1.30061E+11,9.760446e-07,153.2747
1.30063E+11,5.017016e-07,138.446
1.30065E+11,5.375538e-07,-161.3383
1.30067E+11,1.344719e-06,-136.7099
1.30069E+11,1.224081e-06,-134.4991
1.30071E+11,8.760262e-07,-139.1978
1.30073E+11,1.149779e-06,160.1441
1.30075E+11,1.379923e-06,-160.6459
1.30077E+11,6.150305e-07,-132.4981
1.30079E+11,1.414133e-06,-162.9702
1.30081E+11,7.64681e-07,-136.73
1.30083E+11,8.658617e-07,-156.7793
1.30085E+11,1.078907e-06,-151.1075
1.30087E+11,1.727929e-06,-137.3209
1.30089E+11,2.431455e-06,-179.8117
1.30091E+11,7.39742e-07,-130.8878
1.30093E+11,1.888297e-06,-160.4169
1.30095E+11,9.352695e-07,177.3844
1.30097E+11,2.268539e-06,-175.0165
1.30099E+11,1.189101e-06,-166.3961
1.30101E+11,7.663797e-07,-148.0566
1.30103E+11,6.000772e-07,-167.5081
1.30105E+11,1.46277e-06,178.7684
1.30107E+11,7.111206e-07,-87.34788
1.30109E+11,1.418542e-06,128.9077
1.30111E+11,1.372519e-06,-115.3797
1.30113E+11,4.181396e-07,169.6647
1.30115E+11,7.304102e-07,-110.8383
1.30117E+11,1.568354e-06,157.3546
1.30119E+11,6.924122e-07,-168.0169
1.30121E+11,1.133456e-06,-156.5791
1.30123E+11,8.169505e-07,-154.0668
1.30125E+11,8.551832e-07,-152.6331
1.30127E+11,6.371978e-07,-87.92477
1.30129E+11,1.769833e-06,-168.113
1.30131E+11,1.557709e-06,-172.6571
1.30133E+11,5.810614e-07,85.74975
1.30135E+11,7.144678e-07,164.0174
1.30137E+11,1.48263e-06,153.0483
1.30139E+11,1.280279e-06,133.1031
1.30141E+11,8.168611e-07,177.9999
1.30143E+11,9.197294e-07,-173.3285
1.30145E+11,5.149561e-07,123.5166
1.30147E+11,7.155686e-07,125.7038
1.30149E+11,4.22012e-07,-177.8985
1.30151E+11,1.088568e-06,139.5623
1.30153E+11,9.381975e-07,139.1121
1.30155E+11,1.216957e-06,150.2806
1.30157E+11,4.213582e-07,-93.3148
1.30159E+11,5.161799e-07,69.72637
1.30161E+11,1.1716e-06,122.6074
1.30163E+11,6.947815e-07,117.2986
1.30165E+11,1.224143e-06,123.5944
1.30167E+11,9.65517e-07,175.9333
1.30169E+11,2.866722e-07,161.9001
1.30171E+11,5.617551e-08,-25.95766
1.30173E+11,5.809217e-07,171.9429
1.30175E+11,1.750795e-06,121.8471
1.30177E+11,6.203502e-07,84.8356
1.30179E+11,4.550814e-07,-138.6662
1.30181E+11,7.258784e-07,70.77536
1.30183E+11,2.222601e-07,104.7718
1.30185E+11,3.83377e-07,96.78688
1.30187E+11,1.006526e-06,113.1121
1.30189E+11,3.767497e-07,96.01415
1.30191E+11,7.857028e-07,-142.8615
1.30193E+11,6.315987e-07,-28.82684
1.30195E+11,7.893405e-07,44.18617
1.30197E+11,1.078689e-06,-158.9028
1.30199E+11,1.265499e-06,-153.5317
1.30201E+11,8.452702e-07,142.636
1.30203E+11,2.560839e-07,147.1128
1.30205E+11,1.127567e-06,29.79802
1.30207E+11,8.031371e-07,-71.53596
1.30209E+11,7.171276e-07,123.2176
1.30211E+11,3.983862e-07,-39.97689
1.30213E+11,3.430601e-07,93.47916
1.30215E+11,8.661188e-07,-35.93644
1.30217E+11,1.20957e-06,-109.4327
1.30219E+11,4.698671e-07,-26.6081
1.30221E+11,4.152674e-07,22.74849
1.30223E+11,6.455294e-07,158.7087
1.30225E+11,1.249758e-06,-67.74631
1.30227E+11,5.782283e-07,99.44535
1.30229E+11,8.367653e-07,169.8745
1.30231E+11,1.973966e-06,165.6889
1.30233E+11,1.676218e-06,178.2054
1.30235E+11,1.155506e-06,169.8378
1.30237E+11,1.726007e-06,127.5073
1.30239E+11,5.558263e-07,136.5726
1.30241E+11,3.238208e-07,135.5445
1.30243E+11,1.519035e-06,175.6116
1.30245E+11,2.621356e-07,162.7743
1.30247E+11,3.988835e-07,-123.4816
1.30249E+11,1.050492e-06,-167.4661
1.30251E+11,1.40389e-06,-136.7964
1.30253E+11,6.522964e-07,111.0079
1.30255E+11,3.680158e-07,-156.3004
1.30257E+11,3.840532e-07,-173.5628
1.30259E+11,7.844008e-07,45.36445
1.30261E+11,1.306878e-06,144.8643
1.30263E+11,3.265701e-07,123.8173
1.30265E+11,2.96479e-07,-141.6832
1.30267E+11,2.415161e-07,161.111
1.30269E+11,8.530765e-07,122.0482
1.30271E+11,5.410183e-07,142.5573
1.30273E+11,1.666618e-06,116.9875
1.30275E+11,1.142939e-06,142.8187
1.30277E+11,7.228162e-07,177.6117
1.30279E+11,2.984683e-07,161.963
1.30281E+11,1.006979e-06,-163.9842
1.30283E+11,6.017424e-07,24.1874
1.30285E+11,9.092688e-07,125.237
1.30287E+11,1.52355e-06,179.5848
1.30289E+11,5.418676e-07,-107.3882
1.30291E+11,7.245764e-07,89.93631
1.30293E+11,1.525539e-06,-171.4918
1.30295E+11,1.175684e-06,162.9151
1.30297E+11,1.50863e-07,-62.80451
1.30299E+11,1.372413e-06,174.5864
1.30301E+11,4.919394e-07,122.5514
1.30303E+11,1.427019e-06,105.583
1.30305E+11,8.476898e-07,145.7822
1.30307E+11,1.068625e-06,178.9791
1.30309E+11,1.255374e-06,-116.1709
1.30311E+11,6.35432e-07,-62.78178
1.30313E+11,8.467957e-08,-132.0679
1.30315E+11,6.026756e-07,117.3126
1.30317E+11,7.979348e-07,160.4116
1.30319E+11,5.806088e-07,20.85238
1.30321E+11,4.212297e-07,65.20936
1.30323E+11,5.031991e-07,-155.1149
1.30325E+11,6.82231e-07,59.72464
1.30327E+11,8.86213e-07,-141.6902
1.30329E+11,8.279029e-07,-119.3469
1.30331E+11,6.776712e-07,156.1255
1.30333E+11,6.72765e-07,120.2176
1.30335E+11,1.276066e-06,122.7656
1.30337E+11,1.017417e-06,116.4105
1.30339E+11,4.103444e-07,95.17838
1.30341E+11,9.511671e-07,152.6401
1.30343E+11,5.536917e-07,143.5417
1.30345E+11,7.719453e-07,140.3238
1.30347E+11,3.139246e-07,75.11276
1.30349E+11,9.67713e-07,175.0804
1.30351E+11,1.890845e-07,136.8269
1.30353E+11,1.314276e-06,-168.1882
1.30355E+11,1.269204e-06,141.5861
1.30357E+11,5.021262e-07,-174.6852
1.30359E+11,7.637925e-07,149.4151
1.30361E+11,4.042144e-07,-144.1859
1.30363E+11,4.916153e-07,28.28305
1.30365E+11,7.588472e-07,112.4093
1.30367E+11,1.55624e-07,116.4961
1.30369E+11,1.182043e-06,145.1546
1.30371E+11,7.424689e-07,143.9753
1.30373E+11,4.578251e-07,117.8179
1.30375E+11,1.269897e-06,171.8756
1.30377E+11,9.61516e-07,-174.7446
1.30379E+11,8.670352e-07,167.6304
1.30381E+11,4.875585e-07,98.05879
1.30383E+11,1.060841e-06,82.91588
1.30385E+11,8.167158e-07,95.14865
1.30387E+11,1.521969e-06,146.0567
1.30389E+11,2.650246e-07,4.758736
1.30391E+11,1.734327e-07,-148.5952
1.30393E+11,2.437178e-07,-53.21826
1.30395E+11,6.069447e-07,70.65646
1.30397E+11,1.528283e-06,138.2948
1.30399E+11,1.506116e-07,69.96417
1.30401E+11,6.993524e-07,177.3041
1.30403E+11,6.540343e-07,54.62133
1.30405E+11,7.691178e-07,71.27543
1.30407E+11,1.309303e-06,84.98947
1.30409E+11,8.001532e-07,105.9598
1.30411E+11,1.299083e-07,29.46754
1.30413E+11,7.75801e-07,133.7403
1.30415E+11,1.215454e-06,29.81898
1.30417E+11,7.282085e-07,-176.8845
1.30419E+11,7.35132e-07,162.888
1.30421E+11,1.02856e-06,171.6194
1.30423E+11,1.584129e-06,-169.1349
1.30425E+11,5.990099e-07,158.2184
1.30427E+11,6.05911e-07,111.0499
1.30429E+11,8.028633e-07,105.3303
1.30431E+11,4.45431e-07,162.9457
1.30433E+11,6.857626e-07,123.2928
1.30435E+11,1.229569e-07,146.5533
1.30437E+11,1.198299e-06,73.57332
1.30439E+11,6.468649e-07,13.53389
1.30441E+11,6.810184e-07,125.7493
1.30443E+11,2.216286e-07,51.86155
1.30445E+11,1.191521e-06,6.042136
1.30447E+11,2.085193e-07,164.5087
1.30449E+11,6.440375e-07,83.79012
1.30451E+11,7.287561e-07,12.7839
1.30453E+11,1.133199e-06,162.9754
1.30455E+11,8.460134e-07,124.9083
1.30457E+11,5.363356e-07,62.80101
1.30459E+11,9.016022e-07,103.1213
1.30461E+11,1.139173e-06,134.8462
1.30463E+11,1.295289e-06,99.61146
1.30465E+11,1.238828e-06,105.2796
1.30467E+11,9.804088e-07,87.13282
1.30469E+11,4.869718e-07,95.95121
1.30471E+11,9.867902e-07,143.8704
1.30473E+11,6.503239e-07,142.8615
1.30475E+11,1.06368e-06,67.30657
1.30477E+11,6.356611e-07,30.51315
1.30479E+11,1.488877e-06,53.50153
1.30481E+11,1.813866e-06,70.02
1.30483E+11,9.679645e-07,75.11451
1.30485E+11,7.671508e-07,126.2449
1.30487E+11,5.281772e-07,-1.790214
1.30489E+11,6.825998e-07,142.5993
1.30491E+11,6.267372e-07,85.65883
1.30493E+11,1.539923e-06,95.38119
1.30495E+11,1.106517e-06,47.25447
1.30497E+11,1.801472e-06,62.52737
1.30499E+11,9.354539e-07,83.74466
1.30502E+11,1.31583e-06,103.2254
1.30504E+11,1.06924e-06,122.3201
1.30506E+11,1.137133e-06,75.65218
1.30508E+11,7.122103e-07,117.8267
1.3051E+11,1.670692e-06,135.8925
1.30512E+11,1.409109e-06,83.47452
1.30514E+11,8.026454e-07,24.25909
1.30516E+11,8.641965e-07,105.4352
1.30518E+11,1.67443e-06,102.3695
1.3052E+11,1.297127e-06,48.47317
1.30522E+11,3.769006e-07,132.7953
1.30524E+11,1.276569e-06,102.6317
1.30526E+11,1.448538e-06,133.0856
1.30528E+11,1.599177e-06,62.62179
1.3053E+11,3.004129e-07,51.88253
1.30532E+11,1.315187e-06,54.13087
1.30534E+11,7.917601e-07,111.0691
1.30536E+11,1.320507e-06,68.34156
1.30538E+11,2.812296e-07,2.223847
1.3054E+11,1.557419e-06,93.55608
1.30542E+11,2.098996e-07,-125.0132
1.30544E+11,7.64586e-07,115.6202
1.30546E+11,3.990121e-07,28.53483
1.30548E+11,1.122247e-06,56.43004
1.3055E+11,6.49793e-07,167.8315
1.30552E+11,7.209889e-07,-162.9299
1.30554E+11,1.673871e-06,45.82519
1.30556E+11,1.49019e-06,56.71066
1.30558E+11,4.027951e-07,163.4037
1.3056E+11,3.324206e-07,117.748
1.30562E+11,5.203709e-07,118.9325
1.30564E+11,6.886012e-07,92.75177
1.30566E+11,6.979387e-07,4.206532
1.30568E+11,3.655627e-07,71.65534
1.3057E+11,5.673654e-07,-148.3784
1.30572E+11,5.409847e-07,111.244
1.30574E+11,1.838592e-06,78.17252
1.30576E+11,1.514106e-06,87.18527
1.30578E+11,6.609186e-07,135.6704
1.3058E+11,5.991552e-07,46.41355
1.30582E+11,1.678492e-06,118.012
1.30584E+11,4.418268e-07,131.3722
1.30586E+11,1.219281e-06,134.2386
1.30588E+11,4.129037e-07,19.55335
1.3059E+11,1.179244e-06,42.28391
1.30592E+11,1.217136e-06,64.53279
1.30594E+11,1.070145e-06,17.50188
1.30596E+11,9.222887e-07,56.04973
1.30598E+11,2.649407e-07,21.02197
1.306E+11,3.683846e-07,34.88035
1.30602E+11,6.418358e-07,83.01203
1.30604E+11,7.356014e-07,87.16429
1.30606E+11,1.097738e-06,102.5277
1.30608E+11,5.140732e-07,-2.912641
1.3061E+11,1.299552e-06,112.6392
1.30612E+11,6.249658e-07,7.437318
1.30614E+11,5.987305e-07,53.49803
1.30616E+11,4.055332e-07,-142.7286
1.30618E+11,5.753561e-07,-81.72963
1.3062E+11,2.295244e-07,73.55759
1.30622E+11,5.856547e-07,158.2961
1.30624E+11,1.519147e-06,86.57679
1.30626E+11,6.89093e-07,99.87711
1.30628E+11,6.932113e-07,66.74093
1.3063E+11,8.004661e-07,37.36222
1.30632E+11,1.566594e-06,35.12862
1.30634E+11,8.640065e-07,87.0926
1.30636E+11,7.388647e-07,8.922548
1.30638E+11,5.920752e-07,52.98573
1.3064E+11,7.949564e-07,98.14272
1.30642E+11,1.033617e-06,53.94915
1.30644E+11,9.265467e-07,122.5899
1.30646E+11,1.03279e-06,81.3467
1.30648E+11,7.289517e-07,177.8845
1.3065E+11,1.410182e-06,110.9144
1.30652E+11,3.000665e-07,19.78415
1.30654E+11,6.892159e-07,66.75666
1.30656E+11,4.575513e-07,70.31026
1.30658E+11,6.690993e-07,-47.62952
1.3066E+11,7.844399e-07,10.95768
1.30662E+11,2.747699e-07,110.2911
1.30664E+11,2.302955e-07,-96.81485
1.30666E+11,4.907157e-07,-134.0567
1.30668E+11,3.252904e-07,91.82868
1.3067E+11,7.069297e-07,75.05681
1.30672E+11,1.851227e-07,33.63552
1.30674E+11,1.520572e-06,124.2963
1.30676E+11,1.27629e-06,25.10711
1.30678E+11,4.214979e-07,53.95614
1.3068E+11,9.649302e-07,12.57757
1.30682E+11,4.142448e-07,132.7568
1.30684E+11,1.410176e-06,138.9302
1.30686E+11,7.583945e-07,51.14117
1.30688E+11,1.623859e-06,84.58033
1.3069E+11,1.119945e-06,62.99847
1.30692E+11,2.48814e-07,14.1074
1.30694E+11,1.617874e-07,94.62584
1.30696E+11,6.181206e-07,101.8554
1.30698E+11,2.689529e-07,2.272805
1.307E+11,5.615204e-07,105.3845
1.30702E+11,5.635768e-07,53.60644
1.30704E+11,8.814688e-07,70.32075
1.30706E+11,4.434417e-07,64.25914
1.30708E+11,8.429791e-07,117.5207
1.3071E+11,3.2272e-07,-108.3936
1.30712E+11,7.011909e-07,110.2246
1.30714E+11,6.219316e-07,61.30255
1.30716E+11,9.335093e-07,131.1973
1.30718E+11,4.043206e-07,168.2704
1.3072E+11,1.280598e-06,97.40759
1.30722E+11,2.112463e-06,84.37925
1.30724E+11,1.960817e-06,99.78094
1.30726E+11,4.482362e-07,43.71058
1.30728E+11,1.385305e-06,91.90211
1.3073E+11,6.788838e-07,127.6909
1.30732E+11,9.048935e-07,98.18468
1.30734E+11,9.052231e-07,93.36725
1.30736E+11,1.824147e-06,130.8301
1.30738E+11,9.050443e-07,81.78908
1.3074E+11,5.51261e-07,116.2374
1.30742E+11,6.294362e-07,83.63101
1.30744E+11,1.02015e-06,-47.42145
1.30746E+11,1.200087e-06,6.779013
1.30748E+11,5.748644e-07,80.80817
1.3075E+11,1.000944e-06,51.9245
1.30752E+11,1.037908e-06,82.37908
1.30754E+11,4.481077e-07,54.0006
1.30756E+11,8.750874e-07,95.45288
1.30758E+11,1.403175e-06,140.5396
1.3076E+11,6.476193e-07,75.06905
1.30762E+11,3.839302e-07,111.6584
1.30764E+11,8.736122e-07,-127.4636
1.30766E+11,4.949625e-07,-139.8832
1.30768E+11,1.022966e-06,-152.0526
1.3077E+11,1.035958e-06,117.4595
1.30772E+11,1.905821e-07,-102.9255
1.30774E+11,1.134552e-06,129.5302
1.30776E+11,5.761329e-07,85.60812
1.30778E+11,5.555246e-07,-26.57488
1.3078E+11,6.372481e-07,144.672
1.30782E+11,1.394938e-06,32.4955
1.30784E+11,6.635114e-07,14.5043
1.30786E+11,8.276738e-07,71.47126
1.30788E+11,1.326575e-07,42.92824
1.3079E+11,9.361915e-07,135.9117
1.30792E+11,7.750354e-07,53.03643
1.30794E+11,5.963947e-07,82.62912
1.30796E+11,1.40555e-06,79.41298
1.30798E+11,1.415809e-06,91.27266
1.308E+11,4.927217e-07,-50.65159
1.30802E+11,7.307734e-07,123.4921
1.30804E+11,1.247964e-06,65.96471
1.30806E+11,9.650979e-07,97.70484
1.30808E+11,7.586237e-07,177.9754
1.3081E+11,1.859033e-06,98.41549
1.30812E+11,1.171622e-06,95.98006
1.30814E+11,3.542415e-07,121.132
1.30816E+11,1.063624e-06,-32.66161
1.30818E+11,1.242052e-06,101.8248
1.3082E+11,1.224651e-06,-178.4484
1.30822E+11,8.479692e-07,113.0737
1.30824E+11,4.231408e-07,98.32806
1.30826E+11,1.142704e-06,120.2351
1.30828E+11,1.037668e-06,13.10038
1.3083E+11,1.867398e-06,83.38359
1.30832E+11,7.889941e-07,106.7693
1.30834E+11,3.733243e-07,-96.43368
1.30836E+11,1.080946e-06,-72.33112
1.30838E+11,1.756176e-06,86.67733
1.3084E+11,7.529072e-07,107.2973
1.30842E+11,7.253531e-07,103.8276
1.30844E+11,6.612595e-07,136.9178
1.30846E+11,5.970485e-07,157.2007
1.30848E+11,7.886253e-07,74.87771
1.3085E+11,1.098336e-06,59.71503
1.30852E+11,6.643272e-07,133.0768
1.30854E+11,4.231967e-07,105.9947
1.30856E+11,4.964433e-07,7.122583
1.30858E+11,2.817604e-07,141.6657
1.3086E+11,1.843292e-07,-149.0148
1.30862E+11,6.33046e-07,-118.839
1.30864E+11,2.091228e-07,-159.6004
1.30866E+11,5.70327e-07,103.8416
1.30868E+11,1.054666e-06,86.66771
1.3087E+11,1.470973e-06,33.79988
1.30872E+11,1.198371e-06,53.48229
1.30874E+11,4.023592e-07,81.19983
1.30876E+11,9.988378e-07,98.43822
1.30878E+11,1.789312e-07,2.947612
1.3088E+11,2.801455e-07,66.21649
1.30882E+11,9.60946e-07,31.85238
1.30884E+11,4.090201e-07,128.0055
1.30886E+11,9.345207e-07,77.37521
1.30888E+11,5.732886e-07,55.0532
1.3089E+11,1.051627e-06,-142.7321
1.30892E+11,6.620194e-07,169.2381
1.30894E+11,1.160189e-06,51.64998
1.30896E+11,1.304766e-06,87.00342
1.30898E+11,1.411534e-06,60.80784
1.309E+11,4.634354e-07,0.2840015
1.30902E+11,7.409323e-07,-66.2742
1.30904E+11,9.181145e-07,63.03169
1.30906E+11,3.938265e-07,40.96304
1.30908E+11,9.319111e-07,5.118931
1.3091E+11,7.932018e-07,90.95268
1.30912E+11,3.204289e-07,110.3995
1.30914E+11,5.384199e-07,17.22037
1.30916E+11,8.035674e-07,-107.3305
1.30918E+11,6.668139e-07,67.42109
1.3092E+11,7.20838e-07,81.98142
1.30922E+11,1.014461e-06,14.01823
1.30924E+11,4.247333e-07,-93.66798
1.30926E+11,4.97058e-07,109.8401
1.30928E+11,5.708076e-07,-19.42746
1.3093E+11,1.654235e-06,101.2986
1.30932E+11,4.46733e-07,43.60218
1.30934E+11,5.638785e-07,-71.27892
1.30936E+11,1.000111e-06,66.11158
1.30938E+11,1.061618e-06,83.99807
1.3094E+11,1.684343e-06,143.8398
1.30942E+11,8.820556e-08,60.49048
1.30944E+11,3.479551e-07,102.2261
1.30946E+11,4.820767e-07,102.373
1.30948E+11,1.440759e-06,55.68179
1.3095E+11,6.176512e-07,134.4064
1.30952E+11,4.146583e-07,39.9699
1.30954E+11,4.749689e-07,93.77989
1.30956E+11,1.055588e-06,90.55677
1.30958E+11,4.655923e-07,56.4414
1.3096E+11,6.734356e-07,80.18058
1.30962E+11,2.038791e-06,109.4064
1.30964E+11,3.471057e-07,12.90804
1.30966E+11,3.501791e-07,137.0018
1.30968E+11,1.292377e-06,49.41987
1.3097E+11,9.530615e-07,102.2785
1.30972E+11,7.186923e-07,54.95878
1.30974E+11,4.891231e-07,-30.47468
1.30976E+11,4.868488e-07,-138.7711
1.30978E+11,1.529384e-06,107.0953
1.3098E+11,4.864521e-07,-168.9269
1.30982E+11,3.320965e-07,-147.3261
1.30984E+11,6.193555e-07,131.0767
1.30986E+11,8.028689e-07,110.5009
1.30988E+11,3.9847e-07,-175.2622
1.3099E+11,2.117604e-07,37.48811
1.30992E+11,1.123711e-06,174.6537
1.30994E+11,1.699168e-06,83.39496
1.30996E+11,2.376604e-07,-126.6978
1.30998E+11,9.363032e-07,108.4006
1.31E+11,9.464062e-07,90.05669
