"x, mkm","Potential energy, eV, VCh=0.01, VSG=-0.55","Potential energy, eV, VCh=0.05 V, VSG=-0.5","Potential energy, eV, VCh=0.1 V, VSG=-0.44","Potential energy, eV, VCh=0.15 V, VSG= -0.39"
-96,-0.18499,-0.18588,-0.18697,-0.18792
-95.9,-0.18499,-0.18588,-0.18697,-0.18791
-95.8,-0.18498,-0.18588,-0.18697,-0.18791
-95.7,-0.18498,-0.18588,-0.18697,-0.18791
-95.6,-0.18498,-0.18588,-0.18696,-0.18791
-95.5,-0.18497,-0.18587,-0.18696,-0.18791
-95.4,-0.18497,-0.18587,-0.18696,-0.1879
-95.3,-0.18496,-0.18586,-0.18695,-0.1879
-95.2,-0.18496,-0.18586,-0.18695,-0.18789
-95.1,-0.18495,-0.18585,-0.18694,-0.18789
-95,-0.18494,-0.18584,-0.18693,-0.18788
-94.9,-0.18493,-0.18583,-0.18692,-0.18787
-94.8,-0.18492,-0.18582,-0.18691,-0.18786
-94.7,-0.18491,-0.18581,-0.1869,-0.18785
-94.6,-0.18489,-0.1858,-0.18689,-0.18784
-94.5,-0.18488,-0.18579,-0.18688,-0.18783
-94.4,-0.18487,-0.18577,-0.18687,-0.18782
-94.3,-0.18485,-0.18576,-0.18686,-0.18781
-94.2,-0.18483,-0.18574,-0.18684,-0.1878
-94.1,-0.18482,-0.18573,-0.18683,-0.18778
-94,-0.1848,-0.18571,-0.18681,-0.18777
-93.9,-0.18478,-0.18569,-0.1868,-0.18776
-93.8,-0.18476,-0.18567,-0.18678,-0.18774
-93.7,-0.18474,-0.18565,-0.18676,-0.18772
-93.6,-0.18472,-0.18563,-0.18674,-0.18771
-93.5,-0.18469,-0.18561,-0.18672,-0.18769
-93.4,-0.18467,-0.18559,-0.1867,-0.18767
-93.3,-0.18465,-0.18557,-0.18668,-0.18765
-93.2,-0.18462,-0.18554,-0.18666,-0.18763
-93.1,-0.18459,-0.18552,-0.18664,-0.18761
-93,-0.18457,-0.18549,-0.18661,-0.18759
-92.9,-0.18454,-0.18546,-0.18659,-0.18757
-92.8,-0.18451,-0.18544,-0.18656,-0.18754
-92.7,-0.18448,-0.18541,-0.18654,-0.18752
-92.6,-0.18444,-0.18538,-0.18651,-0.18749
-92.5,-0.18441,-0.18535,-0.18648,-0.18747
-92.4,-0.18438,-0.18532,-0.18645,-0.18744
-92.3,-0.18434,-0.18528,-0.18642,-0.18742
-92.2,-0.18431,-0.18525,-0.18639,-0.18739
-92.1,-0.18427,-0.18522,-0.18636,-0.18736
-92,-0.18423,-0.18518,-0.18633,-0.18733
-91.9,-0.18419,-0.18514,-0.1863,-0.1873
-91.8,-0.18415,-0.18511,-0.18626,-0.18727
-91.7,-0.18411,-0.18507,-0.18623,-0.18724
-91.6,-0.18407,-0.18503,-0.18619,-0.1872
-91.5,-0.18403,-0.18499,-0.18616,-0.18717
-91.4,-0.18398,-0.18495,-0.18612,-0.18714
-91.3,-0.18394,-0.18491,-0.18608,-0.1871
-91.2,-0.18389,-0.18486,-0.18604,-0.18707
-91.1,-0.18384,-0.18482,-0.186,-0.18703
-91,-0.1838,-0.18477,-0.18596,-0.18699
-90.9,-0.18375,-0.18473,-0.18592,-0.18695
-90.8,-0.18369,-0.18468,-0.18587,-0.18691
-90.7,-0.18364,-0.18463,-0.18583,-0.18687
-90.6,-0.18359,-0.18458,-0.18579,-0.18683
-90.5,-0.18354,-0.18453,-0.18574,-0.18679
-90.4,-0.18348,-0.18448,-0.18569,-0.18675
-90.3,-0.18343,-0.18443,-0.18565,-0.18671
-90.2,-0.18337,-0.18438,-0.1856,-0.18666
-90.1,-0.18331,-0.18432,-0.18555,-0.18662
-90,-0.18325,-0.18427,-0.1855,-0.18657
-89.9,-0.18319,-0.18421,-0.18544,-0.18652
-89.8,-0.18313,-0.18415,-0.18539,-0.18647
-89.7,-0.18306,-0.18409,-0.18534,-0.18643
-89.6,-0.183,-0.18403,-0.18528,-0.18638
-89.5,-0.18293,-0.18397,-0.18523,-0.18632
-89.4,-0.18286,-0.18391,-0.18517,-0.18627
-89.3,-0.1828,-0.18384,-0.18511,-0.18622
-89.2,-0.18273,-0.18378,-0.18505,-0.18617
-89.1,-0.18266,-0.18371,-0.18499,-0.18611
-89,-0.18258,-0.18365,-0.18493,-0.18606
-88.9,-0.18251,-0.18358,-0.18487,-0.186
-88.8,-0.18244,-0.18351,-0.18481,-0.18594
-88.7,-0.18236,-0.18344,-0.18474,-0.18589
-88.6,-0.18228,-0.18337,-0.18468,-0.18583
-88.5,-0.1822,-0.18329,-0.18461,-0.18577
-88.4,-0.18212,-0.18322,-0.18455,-0.18571
-88.3,-0.18204,-0.18314,-0.18448,-0.18564
-88.2,-0.18196,-0.18307,-0.18441,-0.18558
-88.1,-0.18188,-0.18299,-0.18434,-0.18552
-88,-0.18179,-0.18291,-0.18426,-0.18545
-87.9,-0.1817,-0.18283,-0.18419,-0.18538
-87.8,-0.18162,-0.18275,-0.18412,-0.18532
-87.7,-0.18153,-0.18266,-0.18404,-0.18525
-87.6,-0.18143,-0.18258,-0.18396,-0.18518
-87.5,-0.18134,-0.18249,-0.18389,-0.18511
-87.4,-0.18125,-0.1824,-0.18381,-0.18504
-87.3,-0.18115,-0.18232,-0.18373,-0.18496
-87.2,-0.18105,-0.18222,-0.18364,-0.18489
-87.1,-0.18095,-0.18213,-0.18356,-0.18481
-87,-0.18085,-0.18204,-0.18348,-0.18474
-86.9,-0.18075,-0.18194,-0.18339,-0.18466
-86.8,-0.18065,-0.18185,-0.1833,-0.18458
-86.7,-0.18054,-0.18175,-0.18322,-0.1845
-86.6,-0.18043,-0.18165,-0.18313,-0.18442
-86.5,-0.18032,-0.18155,-0.18303,-0.18434
-86.4,-0.18021,-0.18145,-0.18294,-0.18426
-86.3,-0.1801,-0.18134,-0.18285,-0.18417
-86.2,-0.17999,-0.18124,-0.18275,-0.18408
-86.1,-0.17987,-0.18113,-0.18266,-0.184
-86,-0.17975,-0.18102,-0.18256,-0.18391
-85.9,-0.17963,-0.18091,-0.18246,-0.18382
-85.8,-0.17951,-0.1808,-0.18236,-0.18373
-85.7,-0.17939,-0.18068,-0.18225,-0.18364
-85.6,-0.17926,-0.18057,-0.18215,-0.18354
-85.5,-0.17914,-0.18045,-0.18204,-0.18345
-85.4,-0.17901,-0.18033,-0.18194,-0.18335
-85.3,-0.17887,-0.18021,-0.18183,-0.18325
-85.2,-0.17874,-0.18008,-0.18172,-0.18315
-85.1,-0.1786,-0.17996,-0.1816,-0.18305
-85,-0.17847,-0.17983,-0.18149,-0.18295
-84.9,-0.17833,-0.1797,-0.18137,-0.18285
-84.8,-0.17818,-0.17957,-0.18125,-0.18274
-84.7,-0.17804,-0.17944,-0.18114,-0.18263
-84.6,-0.17789,-0.1793,-0.18101,-0.18253
-84.5,-0.17774,-0.17916,-0.18089,-0.18242
-84.4,-0.17759,-0.17903,-0.18077,-0.18231
-84.3,-0.17744,-0.17888,-0.18064,-0.18219
-84.2,-0.17728,-0.17874,-0.18051,-0.18208
-84.1,-0.17712,-0.17859,-0.18038,-0.18196
-84,-0.17696,-0.17844,-0.18025,-0.18184
-83.9,-0.1768,-0.17829,-0.18011,-0.18173
-83.8,-0.17663,-0.17814,-0.17998,-0.1816
-83.7,-0.17646,-0.17798,-0.17984,-0.18148
-83.6,-0.17629,-0.17783,-0.1797,-0.18136
-83.5,-0.17611,-0.17766,-0.17955,-0.18123
-83.4,-0.17593,-0.1775,-0.17941,-0.1811
-83.3,-0.17575,-0.17734,-0.17926,-0.18097
-83.2,-0.17557,-0.17717,-0.17911,-0.18084
-83.1,-0.17538,-0.177,-0.17896,-0.18071
-83,-0.17519,-0.17683,-0.17881,-0.18057
-82.9,-0.175,-0.17665,-0.17865,-0.18044
-82.8,-0.1748,-0.17647,-0.17849,-0.1803
-82.7,-0.1746,-0.17628,-0.17833,-0.18015
-82.6,-0.1744,-0.1761,-0.17817,-0.18001
-82.5,-0.17419,-0.17591,-0.178,-0.17986
-82.4,-0.17398,-0.17572,-0.17783,-0.17972
-82.3,-0.17377,-0.17552,-0.17766,-0.17957
-82.2,-0.17355,-0.17532,-0.17748,-0.17941
-82.1,-0.17333,-0.17512,-0.17731,-0.17926
-82,-0.1731,-0.17492,-0.17713,-0.1791
-81.9,-0.17287,-0.17471,-0.17694,-0.17894
-81.8,-0.17264,-0.17449,-0.17676,-0.17878
-81.7,-0.1724,-0.17428,-0.17657,-0.17862
-81.6,-0.17215,-0.17405,-0.17637,-0.17845
-81.5,-0.1719,-0.17383,-0.17618,-0.17828
-81.4,-0.17165,-0.1736,-0.17598,-0.17811
-81.3,-0.17139,-0.17336,-0.17577,-0.17793
-81.2,-0.17113,-0.17313,-0.17556,-0.17776
-81.1,-0.17086,-0.17289,-0.17536,-0.17758
-81,-0.17059,-0.17264,-0.17514,-0.17739
-80.9,-0.17031,-0.17239,-0.17492,-0.17721
-80.8,-0.17002,-0.17213,-0.1747,-0.17702
-80.7,-0.16973,-0.17187,-0.17448,-0.17683
-80.6,-0.16944,-0.1716,-0.17425,-0.17664
-80.5,-0.16913,-0.17133,-0.17401,-0.17644
-80.4,-0.16883,-0.17105,-0.17378,-0.17624
-80.3,-0.16851,-0.17077,-0.17353,-0.17603
-80.2,-0.16819,-0.17048,-0.17329,-0.17583
-80.1,-0.16786,-0.17019,-0.17304,-0.17562
-80,-0.16753,-0.16989,-0.17278,-0.1754
-79.9,-0.16718,-0.16959,-0.17252,-0.17519
-79.8,-0.16683,-0.16927,-0.17226,-0.17497
-79.7,-0.16647,-0.16895,-0.17198,-0.17474
-79.6,-0.1661,-0.16862,-0.1717,-0.17451
-79.5,-0.16572,-0.16828,-0.17142,-0.17428
-79.4,-0.16533,-0.16794,-0.17113,-0.17404
-79.3,-0.16493,-0.16758,-0.17083,-0.1738
-79.2,-0.16452,-0.16722,-0.17053,-0.17355
-79.1,-0.1641,-0.16685,-0.17022,-0.1733
-79,-0.16367,-0.16648,-0.1699,-0.17304
-78.9,-0.16324,-0.16609,-0.16958,-0.17278
-78.8,-0.16279,-0.16569,-0.16925,-0.17252
-78.7,-0.16232,-0.16529,-0.16892,-0.17225
-78.6,-0.16184,-0.16486,-0.16857,-0.17197
-78.5,-0.16134,-0.16443,-0.16821,-0.17169
-78.4,-0.16083,-0.16398,-0.16784,-0.1714
-78.3,-0.1603,-0.16352,-0.16746,-0.1711
-78.2,-0.15976,-0.16304,-0.16708,-0.1708
-78.1,-0.1592,-0.16256,-0.16668,-0.17049
-78,-0.15862,-0.16206,-0.16627,-0.17018
-77.9,-0.15803,-0.16154,-0.16586,-0.16986
-77.8,-0.15742,-0.16102,-0.16543,-0.16953
-77.7,-0.15679,-0.16048,-0.165,-0.1692
-77.6,-0.15614,-0.15991,-0.16454,-0.16885
-77.5,-0.15546,-0.15932,-0.16407,-0.1685
-77.4,-0.15475,-0.15871,-0.16359,-0.16813
-77.3,-0.154,-0.15808,-0.16308,-0.16776
-77.2,-0.15323,-0.15742,-0.16256,-0.16737
-77.1,-0.15243,-0.15673,-0.16203,-0.16698
-77,-0.1516,-0.15602,-0.16147,-0.16657
-76.9,-0.15074,-0.15529,-0.1609,-0.16616
-76.8,-0.14985,-0.15454,-0.16031,-0.16573
-76.7,-0.14893,-0.15376,-0.1597,-0.1653
-76.6,-0.14798,-0.15295,-0.15908,-0.16485
-76.5,-0.14697,-0.1521,-0.15842,-0.16438
-76.4,-0.1459,-0.15119,-0.15772,-0.1639
-76.3,-0.14476,-0.15024,-0.15699,-0.16339
-76.2,-0.14355,-0.14923,-0.15623,-0.16286
-76.1,-0.14229,-0.14817,-0.15543,-0.16231
-76,-0.14096,-0.14706,-0.15459,-0.16174
-75.9,-0.13956,-0.14589,-0.15371,-0.16115
-75.8,-0.1381,-0.14468,-0.1528,-0.16054
-75.7,-0.13658,-0.14341,-0.15186,-0.15991
-75.6,-0.13499,-0.14209,-0.15087,-0.15926
-75.5,-0.13334,-0.14072,-0.14985,-0.15859
-75.4,-0.13154,-0.13924,-0.14876,-0.15788
-75.3,-0.12961,-0.13764,-0.14758,-0.15712
-75.2,-0.12755,-0.13595,-0.14634,-0.15633
-75.1,-0.12535,-0.13414,-0.14502,-0.15549
-75,-0.12302,-0.13223,-0.14363,-0.15462
-74.9,-0.12056,-0.13021,-0.14217,-0.15371
-74.8,-0.11796,-0.12808,-0.14063,-0.15276
-74.7,-0.11523,-0.12585,-0.13902,-0.15177
-74.6,-0.11236,-0.12351,-0.13734,-0.15074
-74.5,-0.10936,-0.12107,-0.13559,-0.14967
-74.4,-0.10623,-0.11851,-0.13376,-0.14856
-74.3,-0.10286,-0.11578,-0.1318,-0.14738
-74.2,-0.09929,-0.11287,-0.12974,-0.14615
-74.1,-0.09564,-0.10991,-0.12764,-0.1449
-74,-0.09192,-0.1069,-0.1255,-0.14363
-73.9,-0.08813,-0.10383,-0.12333,-0.14235
-73.8,-0.08426,-0.1007,-0.12112,-0.14106
-73.7,-0.08033,-0.09751,-0.11888,-0.13975
-73.6,-0.07631,-0.09427,-0.1166,-0.13843
-73.5,-0.07223,-0.09098,-0.11428,-0.1371
-73.4,-0.06807,-0.08762,-0.11193,-0.13575
-73.3,-0.06384,-0.08421,-0.10955,-0.13438
-73.2,-0.05954,-0.08075,-0.10713,-0.133
-73.1,-0.05558,-0.07755,-0.10489,-0.13172
-73,-0.05175,-0.07447,-0.10273,-0.13048
-72.9,-0.04805,-0.07148,-0.10064,-0.12927
-72.8,-0.04448,-0.0686,-0.09861,-0.12809
-72.7,-0.04104,-0.06581,-0.09664,-0.12694
-72.6,-0.03773,-0.06313,-0.09475,-0.12582
-72.5,-0.03454,-0.06055,-0.09292,-0.12474
-72.4,-0.03149,-0.05807,-0.09115,-0.12369
-72.3,-0.02856,-0.05569,-0.08946,-0.12267
-72.2,-0.02575,-0.05341,-0.08783,-0.12169
-72.1,-0.02308,-0.05123,-0.08627,-0.12073
-72,-0.02062,-0.04921,-0.08481,-0.11983
-71.9,-0.01831,-0.04731,-0.08343,-0.11896
-71.8,-0.01607,-0.04548,-0.08209,-0.11811
-71.7,-0.01393,-0.04371,-0.08079,-0.11727
-71.6,-0.01186,-0.042,-0.07953,-0.11645
-71.5,-0.00987,-0.04036,-0.07831,-0.11565
-71.4,-0.00797,-0.03878,-0.07713,-0.11487
-71.3,-0.00615,-0.03726,-0.07599,-0.1141
-71.2,-0.00441,-0.03581,-0.0749,-0.11335
-71.1,-0.00275,-0.03442,-0.07384,-0.11262
-71,-0.00118,-0.03309,-0.07282,-0.11191
-70.9,3.17E-04,-0.03183,-0.07185,-0.11121
-70.8,0.00176,-0.0306,-0.0709,-0.11052
-70.7,0.00318,-0.0294,-0.06996,-0.10984
-70.6,0.00457,-0.02822,-0.06903,-0.10916
-70.5,0.00593,-0.02706,-0.06812,-0.10849
-70.4,0.00726,-0.02592,-0.06722,-0.10782
-70.3,0.00856,-0.02481,-0.06634,-0.10715
-70.2,0.00983,-0.02372,-0.06546,-0.10649
-70.1,0.01107,-0.02265,-0.0646,-0.10583
-70,0.01228,-0.0216,-0.06376,-0.10518
-69.9,0.01346,-0.02057,-0.06293,-0.10453
-69.8,0.01461,-0.01957,-0.06211,-0.10388
-69.7,0.01573,-0.01859,-0.0613,-0.10324
-69.6,0.01684,-0.01762,-0.0605,-0.1026
-69.5,0.01794,-0.01665,-0.0597,-0.10195
-69.4,0.01903,-0.0157,-0.0589,-0.10131
-69.3,0.02011,-0.01474,-0.05811,-0.10066
-69.2,0.02119,-0.0138,-0.05732,-0.10001
-69.1,0.02225,-0.01285,-0.05653,-0.09936
-69,0.02331,-0.01192,-0.05574,-0.09871
-68.9,0.02436,-0.01099,-0.05495,-0.09805
-68.8,0.02539,-0.01006,-0.05417,-0.0974
-68.7,0.02643,-0.00914,-0.05338,-0.09674
-68.6,0.02745,-0.00823,-0.0526,-0.09607
-68.5,0.02846,-0.00732,-0.05182,-0.09541
-68.4,0.02947,-0.00642,-0.05104,-0.09475
-68.3,0.03047,-0.00551,-0.05026,-0.09408
-68.2,0.03148,-0.00461,-0.04948,-0.09341
-68.1,0.03248,-0.00371,-0.0487,-0.09273
-68,0.03347,-0.00281,-0.04792,-0.09206
-67.9,0.03447,-0.00191,-0.04714,-0.09138
-67.8,0.03546,-0.00102,-0.04636,-0.09069
-67.7,0.03645,-1.19E-04,-0.04557,-0.09001
-67.6,0.03743,7.75E-04,-0.04479,-0.08932
-67.5,0.03841,0.00167,-0.044,-0.08863
-67.4,0.03939,0.00256,-0.04321,-0.08793
-67.3,0.04037,0.00345,-0.04243,-0.08723
-67.2,0.04133,0.00433,-0.04165,-0.08654
-67.1,0.04229,0.00521,-0.04087,-0.08585
-67,0.04324,0.00608,-0.04009,-0.08516
-66.9,0.04419,0.00695,-0.03932,-0.08447
-66.8,0.04513,0.00781,-0.03855,-0.08378
-66.7,0.04607,0.00867,-0.03779,-0.08309
-66.6,0.047,0.00953,-0.03702,-0.08241
-66.5,0.04793,0.01038,-0.03626,-0.08172
-66.4,0.04885,0.01123,-0.0355,-0.08104
-66.3,0.04977,0.01207,-0.03474,-0.08035
-66.2,0.05068,0.01291,-0.03399,-0.07967
-66.1,0.05158,0.01375,-0.03324,-0.07899
-66,0.05248,0.01458,-0.03249,-0.07831
-65.9,0.05337,0.0154,-0.03175,-0.07764
-65.8,0.05424,0.01621,-0.03102,-0.07697
-65.7,0.05511,0.01701,-0.0303,-0.07631
-65.6,0.05597,0.0178,-0.02958,-0.07566
-65.5,0.05681,0.01859,-0.02887,-0.07501
-65.4,0.05765,0.01936,-0.02817,-0.07437
-65.3,0.05848,0.02013,-0.02748,-0.07374
-65.2,0.05929,0.02088,-0.02679,-0.07311
-65.1,0.0601,0.02163,-0.02611,-0.07249
-65,0.06089,0.02237,-0.02544,-0.07187
-64.9,0.06168,0.0231,-0.02478,-0.07126
-64.8,0.06245,0.02382,-0.02413,-0.07067
-64.7,0.0632,0.02451,-0.02349,-0.07008
-64.6,0.06394,0.0252,-0.02287,-0.06951
-64.5,0.06467,0.02588,-0.02225,-0.06894
-64.4,0.06539,0.02655,-0.02164,-0.06838
-64.3,0.0661,0.02721,-0.02104,-0.06783
-64.2,0.0668,0.02786,-0.02045,-0.06729
-64.1,0.06748,0.0285,-0.01987,-0.06675
-64,0.06816,0.02912,-0.0193,-0.06623
-63.9,0.06882,0.02974,-0.01873,-0.06571
-63.8,0.06948,0.03035,-0.01818,-0.0652
-63.7,0.07012,0.03095,-0.01763,-0.06469
-63.6,0.07075,0.03154,-0.0171,-0.0642
-63.5,0.07136,0.0321,-0.01658,-0.06372
-63.4,0.07196,0.03266,-0.01607,-0.06325
-63.3,0.07255,0.03321,-0.01557,-0.06279
-63.2,0.07313,0.03375,-0.01508,-0.06234
-63.1,0.0737,0.03428,-0.0146,-0.06189
-63,0.07426,0.0348,-0.01412,-0.06146
-62.9,0.0748,0.03531,-0.01366,-0.06103
-62.8,0.07534,0.03581,-0.0132,-0.06061
-62.7,0.07587,0.0363,-0.01276,-0.0602
-62.6,0.07638,0.03678,-0.01232,-0.05979
-62.5,0.07689,0.03725,-0.01189,-0.0594
-62.4,0.07738,0.03771,-0.01147,-0.05901
-62.3,0.07786,0.03815,-0.01106,-0.05864
-62.2,0.07833,0.03859,-0.01067,-0.05827
-62.1,0.07879,0.03902,-0.01028,-0.05791
-62,0.07924,0.03944,-0.00989,-0.05756
-61.9,0.07969,0.03986,-0.00951,-0.05721
-61.8,0.08013,0.04027,-0.00914,-0.05687
-61.7,0.08056,0.04067,-0.00877,-0.05653
-61.6,0.08098,0.04106,-0.00842,-0.0562
-61.5,0.0814,0.04145,-0.00806,-0.05587
-61.4,0.08181,0.04183,-0.00772,-0.05555
-61.3,0.08221,0.0422,-0.00738,-0.05524
-61.2,0.0826,0.04257,-0.00704,-0.05493
-61.1,0.08298,0.04292,-0.00672,-0.05464
-61,0.08335,0.04326,-0.00641,-0.05435
-60.9,0.08371,0.0436,-0.0061,-0.05407
-60.8,0.08407,0.04393,-0.0058,-0.05379
-60.7,0.08442,0.04426,-0.00551,-0.05352
-60.6,0.08476,0.04457,-0.00522,-0.05325
-60.5,0.08509,0.04489,-0.00493,-0.05299
-60.4,0.08542,0.04519,-0.00466,-0.05274
-60.3,0.08574,0.04549,-0.00438,-0.05249
-60.2,0.08606,0.04578,-0.00412,-0.05224
-60.1,0.08637,0.04607,-0.00386,-0.052
-60,0.08667,0.04635,-0.0036,-0.05177
-59.9,0.08697,0.04663,-0.00334,-0.05153
-59.8,0.08727,0.04691,-0.00309,-0.0513
-59.7,0.08757,0.04719,-0.00284,-0.05107
-59.6,0.08786,0.04745,-0.0026,-0.05085
-59.5,0.08814,0.04772,-0.00236,-0.05063
-59.4,0.08842,0.04797,-0.00213,-0.05042
-59.3,0.08869,0.04822,-0.0019,-0.05021
-59.2,0.08895,0.04847,-0.00168,-0.05
-59.1,0.08921,0.04871,-0.00146,-0.0498
-59,0.08946,0.04895,-0.00124,-0.04961
-58.9,0.08971,0.04918,-0.00104,-0.04941
-58.8,0.08995,0.0494,-8.32E-04,-0.04923
-58.7,0.09021,0.04964,-6.18E-04,-0.04903
-58.6,0.09045,0.04987,-4.08E-04,-0.04884
-58.5,0.0907,0.05009,-2.01E-04,-0.04865
-58.4,0.09094,0.05032,1.27E-06,-0.04846
-58.3,0.09117,0.05053,2.00E-04,-0.04828
-58.2,0.0914,0.05075,3.94E-04,-0.0481
-58.1,0.09163,0.05096,5.85E-04,-0.04793
-58,0.09185,0.05116,7.72E-04,-0.04775
-57.9,0.09207,0.05136,9.54E-04,-0.04759
-57.8,0.09228,0.05156,0.00113,-0.04742
-57.7,0.09249,0.05175,0.00131,-0.04726
-57.6,0.09269,0.05194,0.00148,-0.04711
-57.5,0.09289,0.05213,0.00165,-0.04695
-57.4,0.0931,0.05232,0.00182,-0.04679
-57.3,0.09329,0.0525,0.00199,-0.04664
-57.2,0.09349,0.05269,0.00215,-0.04649
-57.1,0.09368,0.05286,0.00232,-0.04634
-57,0.09387,0.05304,0.00248,-0.04619
-56.9,0.09406,0.05321,0.00263,-0.04605
-56.8,0.09424,0.05338,0.00279,-0.04591
-56.7,0.09442,0.05355,0.00294,-0.04577
-56.6,0.0946,0.05372,0.00309,-0.04563
-56.5,0.09478,0.05388,0.00324,-0.0455
-56.4,0.09495,0.05404,0.00338,-0.04536
-56.3,0.09512,0.0542,0.00353,-0.04522
-56.2,0.0953,0.05436,0.00368,-0.04509
-56.1,0.09547,0.05452,0.00382,-0.04496
-56,0.09564,0.05468,0.00397,-0.04482
-55.9,0.09581,0.05484,0.00411,-0.04469
-55.8,0.09597,0.05499,0.00425,-0.04456
-55.7,0.09614,0.05515,0.00439,-0.04443
-55.6,0.0963,0.0553,0.00453,-0.04431
-55.5,0.09646,0.05545,0.00466,-0.04418
-55.4,0.09662,0.0556,0.0048,-0.04406
-55.3,0.09678,0.05574,0.00493,-0.04393
-55.2,0.09693,0.05589,0.00506,-0.04381
-55.1,0.09709,0.05603,0.00519,-0.04369
-55,0.09724,0.05617,0.00532,-0.04357
-54.9,0.09739,0.05631,0.00545,-0.04345
-54.8,0.09754,0.05645,0.00558,-0.04333
-54.7,0.09769,0.0566,0.00571,-0.04321
-54.6,0.09784,0.05674,0.00584,-0.04309
-54.5,0.098,0.05688,0.00597,-0.04297
-54.4,0.09815,0.05702,0.0061,-0.04285
-54.3,0.0983,0.05716,0.00623,-0.04273
-54.2,0.09845,0.0573,0.00636,-0.04261
-54.1,0.0986,0.05744,0.00649,-0.04249
-54,0.09875,0.05758,0.00662,-0.04237
-53.9,0.0989,0.05773,0.00675,-0.04224
-53.8,0.09905,0.05787,0.00688,-0.04212
-53.7,0.0992,0.05801,0.00702,-0.04199
-53.6,0.09936,0.05816,0.00715,-0.04187
-53.5,0.09951,0.0583,0.00729,-0.04174
-53.4,0.09967,0.05845,0.00742,-0.04161
-53.3,0.09982,0.0586,0.00756,-0.04148
-53.2,0.09998,0.05874,0.0077,-0.04135
-53.1,0.10014,0.05889,0.00784,-0.04121
-53,0.10029,0.05904,0.00798,-0.04108
-52.9,0.10046,0.0592,0.00813,-0.04094
-52.8,0.10063,0.05937,0.00829,-0.04079
-52.7,0.10081,0.05954,0.00845,-0.04063
-52.6,0.10099,0.05971,0.00861,-0.04047
-52.5,0.10118,0.05989,0.00879,-0.04031
-52.4,0.10137,0.06008,0.00896,-0.04013
-52.3,0.10157,0.06027,0.00915,-0.03996
-52.2,0.10177,0.06046,0.00933,-0.03977
-52.1,0.10198,0.06066,0.00953,-0.03958
-52,0.10219,0.06087,0.00972,-0.03939
-51.9,0.10241,0.06108,0.00993,-0.03919
-51.8,0.10264,0.0613,0.01014,-0.03898
-51.7,0.10289,0.06154,0.01038,-0.03875
-51.6,0.10312,0.06178,0.0106,-0.03852
-51.5,0.10336,0.062,0.01082,-0.03831
-51.4,0.10358,0.06222,0.01103,-0.0381
-51.3,0.1038,0.06243,0.01124,-0.0379
-51.2,0.10401,0.06264,0.01144,-0.0377
-51.1,0.10421,0.06283,0.01163,-0.03751
-51,0.10441,0.06302,0.01181,-0.03733
-50.9,0.1046,0.06321,0.01198,-0.03716
-50.8,0.10478,0.06338,0.01215,-0.037
-50.7,0.10495,0.06355,0.01232,-0.03684
-50.6,0.10506,0.06365,0.0124,-0.03676
-50.5,0.10513,0.06371,0.01246,-0.0367
-50.4,0.10519,0.06376,0.01251,-0.03667
-50.3,0.10522,0.0638,0.01253,-0.03665
-50.2,0.10525,0.06381,0.01254,-0.03665
-50.1,0.10525,0.06381,0.01253,-0.03667
-50,0.10524,0.06379,0.01251,-0.0367
-49.9,0.10522,0.06376,0.01246,-0.03675
-49.8,0.10517,0.06371,0.0124,-0.03682
-49.7,0.10511,0.06364,0.01233,-0.03691
-49.6,0.10503,0.06356,0.01223,-0.03701
-49.5,0.10495,0.06347,0.01214,-0.03712
-49.4,0.10488,0.0634,0.01206,-0.03721
-49.3,0.10482,0.06333,0.01198,-0.0373
-49.2,0.10476,0.06326,0.01191,-0.03738
-49.1,0.10471,0.0632,0.01184,-0.03745
-49,0.10466,0.06315,0.01178,-0.03752
-48.9,0.10462,0.0631,0.01172,-0.03759
-48.8,0.10458,0.06305,0.01167,-0.03765
-48.7,0.10454,0.06301,0.01162,-0.03771
-48.6,0.10451,0.06297,0.01157,-0.03776
-48.5,0.10448,0.06294,0.01153,-0.03781
-48.4,0.10446,0.06292,0.0115,-0.03785
-48.3,0.10445,0.0629,0.01148,-0.03788
-48.2,0.10445,0.06289,0.01146,-0.0379
-48.1,0.10445,0.06289,0.01145,-0.03792
-48,0.10445,0.06288,0.01144,-0.03794
-47.9,0.10445,0.06288,0.01143,-0.03795
-47.8,0.10446,0.06288,0.01143,-0.03796
-47.7,0.10447,0.06289,0.01143,-0.03797
-47.6,0.10448,0.0629,0.01143,-0.03797
-47.5,0.1045,0.06291,0.01144,-0.03797
-47.4,0.10452,0.06292,0.01144,-0.03797
-47.3,0.10454,0.06294,0.01146,-0.03796
-47.2,0.10457,0.06296,0.01147,-0.03795
-47.1,0.1046,0.06299,0.01149,-0.03794
-47,0.10463,0.06302,0.01151,-0.03792
-46.9,0.10466,0.06304,0.01153,-0.03791
-46.8,0.10469,0.06307,0.01156,-0.03789
-46.7,0.10473,0.0631,0.01158,-0.03787
-46.6,0.10476,0.06313,0.0116,-0.03785
-46.5,0.1048,0.06316,0.01163,-0.03783
-46.4,0.10483,0.06319,0.01166,-0.03781
-46.3,0.10487,0.06322,0.01168,-0.03779
-46.2,0.10491,0.06326,0.01171,-0.03777
-46.1,0.10494,0.06329,0.01174,-0.03774
-46,0.10498,0.06332,0.01177,-0.03772
-45.9,0.10502,0.06336,0.01179,-0.0377
-45.8,0.10505,0.06339,0.01182,-0.03767
-45.7,0.10509,0.06342,0.01185,-0.03765
-45.6,0.10513,0.06346,0.01188,-0.03762
-45.5,0.10517,0.06349,0.01191,-0.0376
-45.4,0.10521,0.06352,0.01194,-0.03757
-45.3,0.10525,0.06356,0.01197,-0.03755
-45.2,0.10528,0.0636,0.012,-0.03752
-45.1,0.10532,0.06363,0.01203,-0.03749
-45,0.10536,0.06367,0.01206,-0.03746
-44.9,0.10541,0.06371,0.0121,-0.03743
-44.8,0.10546,0.06375,0.01214,-0.03739
-44.7,0.10551,0.0638,0.01218,-0.03736
-44.6,0.10555,0.06384,0.01222,-0.03733
-44.5,0.1056,0.06388,0.01225,-0.03729
-44.4,0.10564,0.06392,0.01229,-0.03726
-44.3,0.10568,0.06396,0.01232,-0.03723
-44.2,0.10572,0.064,0.01236,-0.0372
-44.1,0.10576,0.06403,0.01239,-0.03717
-44,0.1058,0.06407,0.01242,-0.03714
-43.9,0.10584,0.0641,0.01245,-0.03712
-43.8,0.10588,0.06414,0.01248,-0.03709
-43.7,0.10592,0.06418,0.01252,-0.03706
-43.6,0.10596,0.06422,0.01255,-0.03703
-43.5,0.10601,0.06426,0.01259,-0.037
-43.4,0.10605,0.06429,0.01262,-0.03696
-43.3,0.10609,0.06433,0.01265,-0.03693
-43.2,0.10613,0.06437,0.01269,-0.0369
-43.1,0.10617,0.0644,0.01272,-0.03687
-43,0.10621,0.06444,0.01275,-0.03685
-42.9,0.10625,0.06448,0.01279,-0.03682
-42.8,0.10629,0.06451,0.01282,-0.03679
-42.7,0.10632,0.06455,0.01285,-0.03676
-42.6,0.10636,0.06458,0.01288,-0.03673
-42.5,0.1064,0.06461,0.01291,-0.03671
-42.4,0.10643,0.06465,0.01294,-0.03668
-42.3,0.10647,0.06468,0.01297,-0.03666
-42.2,0.1065,0.06471,0.01299,-0.03663
-42.1,0.10654,0.06474,0.01302,-0.0366
-42,0.10657,0.06478,0.01305,-0.03658
-41.9,0.10661,0.06481,0.01308,-0.03655
-41.8,0.10664,0.06484,0.01311,-0.03653
-41.7,0.10668,0.06487,0.01314,-0.0365
-41.6,0.10671,0.06491,0.01317,-0.03647
-41.5,0.10675,0.06494,0.0132,-0.03645
-41.4,0.10679,0.06497,0.01323,-0.03642
-41.3,0.10682,0.06501,0.01326,-0.03639
-41.2,0.10686,0.06504,0.01329,-0.03636
-41.1,0.10689,0.06507,0.01332,-0.03634
-41,0.10693,0.0651,0.01335,-0.03631
-40.9,0.10696,0.06513,0.01337,-0.03629
-40.8,0.107,0.06517,0.0134,-0.03626
-40.7,0.10703,0.0652,0.01343,-0.03624
-40.6,0.10706,0.06523,0.01346,-0.03621
-40.5,0.1071,0.06526,0.01348,-0.03619
-40.4,0.10713,0.06529,0.01351,-0.03616
-40.3,0.10717,0.06532,0.01354,-0.03613
-40.2,0.1072,0.06536,0.01357,-0.03611
-40.1,0.10724,0.06539,0.0136,-0.03608
-40,0.10727,0.06542,0.01363,-0.03605
-39.9,0.10731,0.06545,0.01366,-0.03602
-39.8,0.10734,0.06549,0.01369,-0.036
-39.7,0.10738,0.06552,0.01372,-0.03597
-39.6,0.10741,0.06555,0.01375,-0.03595
-39.5,0.10744,0.06558,0.01378,-0.03592
-39.4,0.10748,0.06561,0.0138,-0.0359
-39.3,0.1075,0.06564,0.01383,-0.03587
-39.2,0.10753,0.06566,0.01385,-0.03586
-39.1,0.10755,0.06568,0.01387,-0.03584
-39,0.10758,0.0657,0.01389,-0.03582
-38.9,0.1076,0.06573,0.01391,-0.0358
-38.8,0.10763,0.06575,0.01393,-0.03578
-38.7,0.10766,0.06578,0.01395,-0.03576
-38.6,0.10768,0.0658,0.01397,-0.03574
-38.5,0.10771,0.06583,0.014,-0.03572
-38.4,0.10774,0.06585,0.01402,-0.0357
-38.3,0.10777,0.06588,0.01405,-0.03568
-38.2,0.1078,0.06591,0.01407,-0.03566
-38.1,0.10783,0.06593,0.01409,-0.03563
-38,0.10786,0.06596,0.01412,-0.03561
-37.9,0.10788,0.06598,0.01414,-0.03559
-37.8,0.10791,0.06601,0.01416,-0.03557
-37.7,0.10794,0.06603,0.01418,-0.03555
-37.6,0.10796,0.06606,0.0142,-0.03554
-37.5,0.10799,0.06608,0.01422,-0.03552
-37.4,0.10801,0.0661,0.01424,-0.0355
-37.3,0.10804,0.06612,0.01426,-0.03548
-37.2,0.10806,0.06615,0.01428,-0.03546
-37.1,0.10808,0.06617,0.0143,-0.03544
-37,0.10811,0.06619,0.01433,-0.03542
-36.9,0.10814,0.06622,0.01435,-0.0354
-36.8,0.10816,0.06624,0.01437,-0.03538
-36.7,0.10819,0.06626,0.01439,-0.03537
-36.6,0.10821,0.06629,0.01441,-0.03535
-36.5,0.10823,0.06631,0.01443,-0.03533
-36.4,0.10825,0.06633,0.01445,-0.03532
-36.3,0.10828,0.06635,0.01446,-0.0353
-36.2,0.10829,0.06636,0.01448,-0.03529
-36.1,0.10831,0.06638,0.01449,-0.03527
-36,0.10833,0.0664,0.01451,-0.03526
-35.9,0.10835,0.06641,0.01452,-0.03525
-35.8,0.10837,0.06644,0.01454,-0.03523
-35.7,0.1084,0.06646,0.01456,-0.03521
-35.6,0.10842,0.06648,0.01458,-0.0352
-35.5,0.10844,0.0665,0.0146,-0.03518
-35.4,0.10846,0.06652,0.01462,-0.03516
-35.3,0.10849,0.06654,0.01463,-0.03515
-35.2,0.10851,0.06656,0.01465,-0.03513
-35.1,0.10853,0.06658,0.01467,-0.03511
-35,0.10855,0.0666,0.01469,-0.0351
-34.9,0.10857,0.06662,0.0147,-0.03508
-34.8,0.10859,0.06663,0.01472,-0.03507
-34.7,0.10861,0.06665,0.01474,-0.03505
-34.6,0.10863,0.06667,0.01476,-0.03504
-34.5,0.10865,0.06669,0.01477,-0.03502
-34.4,0.10867,0.06671,0.01479,-0.03501
-34.3,0.10869,0.06673,0.01481,-0.03499
-34.2,0.10871,0.06675,0.01482,-0.03498
-34.1,0.10873,0.06676,0.01484,-0.03496
-34,0.10875,0.06678,0.01485,-0.03495
-33.9,0.10877,0.0668,0.01487,-0.03494
-33.8,0.10878,0.06681,0.01488,-0.03492
-33.7,0.1088,0.06683,0.0149,-0.03491
-33.6,0.10882,0.06685,0.01491,-0.0349
-33.5,0.10884,0.06687,0.01493,-0.03488
-33.4,0.10886,0.06688,0.01494,-0.03487
-33.3,0.10888,0.0669,0.01496,-0.03485
-33.2,0.1089,0.06692,0.01497,-0.03484
-33.1,0.10891,0.06693,0.01499,-0.03483
-33,0.10893,0.06695,0.015,-0.03482
-32.9,0.10894,0.06696,0.01501,-0.03481
-32.8,0.10896,0.06697,0.01502,-0.03479
-32.7,0.10897,0.06699,0.01504,-0.03479
-32.6,0.10899,0.067,0.01505,-0.03478
-32.5,0.109,0.06701,0.01506,-0.03477
-32.4,0.10902,0.06703,0.01507,-0.03475
-32.3,0.10903,0.06704,0.01508,-0.03474
-32.2,0.10905,0.06706,0.0151,-0.03473
-32.1,0.10906,0.06707,0.01511,-0.03472
-32,0.10908,0.06708,0.01512,-0.03471
-31.9,0.10909,0.0671,0.01513,-0.0347
-31.8,0.10911,0.06711,0.01514,-0.03469
-31.7,0.10912,0.06712,0.01515,-0.03468
-31.6,0.10913,0.06713,0.01517,-0.03467
-31.5,0.10915,0.06714,0.01518,-0.03466
-31.4,0.10916,0.06716,0.01519,-0.03465
-31.3,0.10918,0.06717,0.0152,-0.03464
-31.2,0.10919,0.06719,0.01521,-0.03463
-31.1,0.10921,0.0672,0.01523,-0.03461
-31,0.10923,0.06722,0.01524,-0.0346
-30.9,0.10924,0.06723,0.01526,-0.03459
-30.8,0.10926,0.06725,0.01527,-0.03458
-30.7,0.10927,0.06726,0.01528,-0.03456
-30.6,0.10929,0.06728,0.0153,-0.03455
-30.5,0.10931,0.06729,0.01531,-0.03454
-30.4,0.10932,0.06731,0.01532,-0.03453
-30.3,0.10934,0.06732,0.01533,-0.03452
-30.2,0.10935,0.06734,0.01535,-0.0345
-30.1,0.10937,0.06735,0.01536,-0.03449
-30,0.10938,0.06736,0.01537,-0.03448
-29.9,0.1094,0.06738,0.01539,-0.03447
-29.8,0.10941,0.06739,0.0154,-0.03446
-29.7,0.10943,0.0674,0.01541,-0.03445
-29.6,0.10944,0.06742,0.01542,-0.03444
-29.5,0.10946,0.06743,0.01543,-0.03443
-29.4,0.10947,0.06744,0.01544,-0.03442
-29.3,0.10948,0.06745,0.01545,-0.03441
-29.2,0.10949,0.06747,0.01546,-0.0344
-29.1,0.10951,0.06748,0.01547,-0.03439
-29,0.10952,0.06749,0.01549,-0.03438
-28.9,0.10953,0.0675,0.0155,-0.03437
-28.8,0.10955,0.06751,0.01551,-0.03436
-28.7,0.10956,0.06752,0.01552,-0.03435
-28.6,0.10957,0.06754,0.01553,-0.03434
-28.5,0.10958,0.06755,0.01554,-0.03433
-28.4,0.1096,0.06756,0.01555,-0.03432
-28.3,0.10961,0.06757,0.01556,-0.03431
-28.2,0.10962,0.06758,0.01557,-0.0343
-28.1,0.10963,0.06759,0.01558,-0.03429
-28,0.10964,0.0676,0.01559,-0.03429
-27.9,0.10965,0.06761,0.0156,-0.03428
-27.8,0.10967,0.06762,0.01561,-0.03427
-27.7,0.10968,0.06763,0.01561,-0.03426
-27.6,0.10969,0.06764,0.01562,-0.03426
-27.5,0.1097,0.06765,0.01563,-0.03425
-27.4,0.10971,0.06766,0.01564,-0.03424
-27.3,0.10972,0.06767,0.01565,-0.03423
-27.2,0.10973,0.06768,0.01565,-0.03423
-27.1,0.10974,0.06769,0.01566,-0.03422
-27,0.10975,0.0677,0.01567,-0.03421
-26.9,0.10975,0.06771,0.01568,-0.03421
-26.8,0.10976,0.06771,0.01569,-0.0342
-26.7,0.10977,0.06772,0.01569,-0.03419
-26.6,0.10978,0.06773,0.0157,-0.03419
-26.5,0.10979,0.06774,0.01571,-0.03418
-26.4,0.1098,0.06775,0.01572,-0.03417
-26.3,0.10981,0.06776,0.01573,-0.03416
-26.2,0.10982,0.06777,0.01573,-0.03416
-26.1,0.10983,0.06778,0.01574,-0.03415
-26,0.10985,0.06779,0.01575,-0.03414
-25.9,0.10986,0.0678,0.01576,-0.03413
-25.8,0.10987,0.06781,0.01577,-0.03412
-25.7,0.10988,0.06782,0.01578,-0.03411
-25.6,0.10989,0.06783,0.01579,-0.03411
-25.5,0.10989,0.06783,0.01579,-0.0341
-25.4,0.1099,0.06784,0.0158,-0.0341
-25.3,0.10991,0.06785,0.0158,-0.03409
-25.2,0.10991,0.06785,0.01581,-0.03409
-25.1,0.10992,0.06786,0.01581,-0.03409
-25,0.10993,0.06786,0.01582,-0.03408
-24.9,0.10993,0.06787,0.01582,-0.03408
-24.8,0.10994,0.06787,0.01582,-0.03408
-24.7,0.10994,0.06788,0.01583,-0.03407
-24.6,0.10995,0.06788,0.01583,-0.03407
-24.5,0.10996,0.06789,0.01584,-0.03406
-24.4,0.10997,0.0679,0.01585,-0.03405
-24.3,0.10998,0.06791,0.01586,-0.03405
-24.2,0.10999,0.06792,0.01587,-0.03404
-24.1,0.11,0.06793,0.01587,-0.03403
-24,0.11,0.06793,0.01588,-0.03403
-23.9,0.11001,0.06794,0.01589,-0.03402
-23.8,0.11002,0.06795,0.01589,-0.03401
-23.7,0.11003,0.06796,0.0159,-0.03401
-23.6,0.11004,0.06796,0.01591,-0.034
-23.5,0.11004,0.06797,0.01591,-0.034
-23.4,0.11005,0.06798,0.01592,-0.03399
-23.3,0.11006,0.06799,0.01593,-0.03398
-23.2,0.11007,0.068,0.01594,-0.03398
-23.1,0.11008,0.06801,0.01595,-0.03397
-23,0.11009,0.06801,0.01595,-0.03396
-22.9,0.1101,0.06802,0.01596,-0.03395
-22.8,0.11011,0.06803,0.01597,-0.03394
-22.7,0.11012,0.06804,0.01598,-0.03394
-22.6,0.11013,0.06805,0.01599,-0.03393
-22.5,0.11014,0.06806,0.01599,-0.03392
-22.4,0.11015,0.06807,0.016,-0.03391
-22.3,0.11016,0.06807,0.01601,-0.03391
-22.2,0.11016,0.06808,0.01601,-0.03391
-22.1,0.11017,0.06809,0.01602,-0.0339
-22,0.11018,0.06809,0.01602,-0.0339
-21.9,0.11018,0.0681,0.01603,-0.03389
-21.8,0.11019,0.0681,0.01603,-0.03389
-21.7,0.11019,0.06811,0.01604,-0.03389
-21.6,0.1102,0.06811,0.01604,-0.03388
-21.5,0.1102,0.06812,0.01604,-0.03388
-21.4,0.11021,0.06812,0.01605,-0.03387
-21.3,0.11021,0.06813,0.01605,-0.03387
-21.2,0.11022,0.06813,0.01606,-0.03387
-21.1,0.11023,0.06814,0.01607,-0.03386
-21,0.11024,0.06815,0.01607,-0.03385
-20.9,0.11025,0.06816,0.01608,-0.03385
-20.8,0.11025,0.06816,0.01609,-0.03384
-20.7,0.11026,0.06817,0.01609,-0.03383
-20.6,0.11027,0.06818,0.0161,-0.03383
-20.5,0.11028,0.06818,0.01611,-0.03382
-20.4,0.11028,0.06819,0.01611,-0.03382
-20.3,0.11029,0.06819,0.01612,-0.03381
-20.2,0.11029,0.0682,0.01612,-0.03381
-20.1,0.1103,0.06821,0.01613,-0.0338
-20,0.11031,0.06821,0.01613,-0.0338
-19.9,0.11032,0.06822,0.01614,-0.03379
-19.8,0.11033,0.06823,0.01615,-0.03378
-19.7,0.11034,0.06824,0.01616,-0.03378
-19.6,0.11035,0.06825,0.01617,-0.03377
-19.5,0.11036,0.06826,0.01617,-0.03376
-19.4,0.11036,0.06827,0.01618,-0.03375
-19.3,0.11037,0.06828,0.01619,-0.03374
-19.2,0.11038,0.06829,0.0162,-0.03373
-19.1,0.11039,0.06829,0.01621,-0.03373
-19,0.1104,0.0683,0.01622,-0.03372
-18.9,0.11041,0.06831,0.01622,-0.03371
-18.8,0.11042,0.06832,0.01623,-0.03371
-18.7,0.11043,0.06832,0.01624,-0.0337
-18.6,0.11043,0.06833,0.01624,-0.03369
-18.5,0.11044,0.06834,0.01625,-0.03369
-18.4,0.11045,0.06835,0.01626,-0.03368
-18.3,0.11046,0.06835,0.01626,-0.03367
-18.2,0.11047,0.06836,0.01627,-0.03367
-18.1,0.11048,0.06837,0.01628,-0.03366
-18,0.11049,0.06838,0.01629,-0.03365
-17.9,0.11049,0.06839,0.0163,-0.03364
-17.8,0.1105,0.06839,0.0163,-0.03364
-17.7,0.1105,0.0684,0.0163,-0.03364
-17.6,0.1105,0.0684,0.0163,-0.03364
-17.5,0.11051,0.0684,0.0163,-0.03364
-17.4,0.11051,0.0684,0.01631,-0.03364
-17.3,0.11051,0.0684,0.01631,-0.03364
-17.2,0.11051,0.0684,0.01631,-0.03364
-17.1,0.11051,0.0684,0.01631,-0.03364
-17,0.11051,0.06841,0.01631,-0.03364
-16.9,0.11052,0.06841,0.01631,-0.03364
-16.8,0.11052,0.06841,0.01631,-0.03364
-16.7,0.11052,0.06841,0.01631,-0.03363
-16.6,0.11053,0.06842,0.01632,-0.03363
-16.5,0.11054,0.06843,0.01633,-0.03362
-16.4,0.11055,0.06844,0.01634,-0.03361
-16.3,0.11055,0.06844,0.01634,-0.0336
-16.2,0.11056,0.06845,0.01635,-0.0336
-16.1,0.11057,0.06846,0.01636,-0.03359
-16,0.11058,0.06846,0.01636,-0.03359
-15.9,0.11058,0.06847,0.01637,-0.03358
-15.8,0.11059,0.06848,0.01637,-0.03358
-15.7,0.11059,0.06848,0.01638,-0.03357
-15.6,0.1106,0.06848,0.01638,-0.03357
-15.5,0.11061,0.06849,0.01639,-0.03356
-15.4,0.11062,0.0685,0.0164,-0.03355
-15.3,0.11063,0.06851,0.01641,-0.03354
-15.2,0.11063,0.06852,0.01641,-0.03354
-15.1,0.11064,0.06853,0.01642,-0.03353
-15,0.11065,0.06853,0.01643,-0.03352
-14.9,0.11066,0.06854,0.01643,-0.03352
-14.8,0.11066,0.06855,0.01644,-0.03351
-14.7,0.11067,0.06855,0.01645,-0.03351
-14.6,0.11068,0.06856,0.01645,-0.0335
-14.5,0.11068,0.06856,0.01646,-0.0335
-14.4,0.11069,0.06857,0.01646,-0.03349
-14.3,0.11069,0.06857,0.01646,-0.03349
-14.2,0.11069,0.06857,0.01646,-0.03349
-14.1,0.11069,0.06857,0.01646,-0.03349
-14,0.1107,0.06858,0.01647,-0.03349
-13.9,0.1107,0.06858,0.01647,-0.03349
-13.8,0.1107,0.06858,0.01647,-0.03348
-13.7,0.1107,0.06858,0.01647,-0.03348
-13.6,0.1107,0.06858,0.01647,-0.03348
-13.5,0.11071,0.06859,0.01647,-0.03348
-13.4,0.11071,0.06859,0.01648,-0.03348
-13.3,0.11071,0.06859,0.01648,-0.03348
-13.2,0.11072,0.0686,0.01648,-0.03347
-13.1,0.11072,0.0686,0.01649,-0.03347
-13,0.11073,0.06861,0.01649,-0.03346
-12.9,0.11073,0.06861,0.0165,-0.03346
-12.8,0.11074,0.06861,0.0165,-0.03346
-12.7,0.11074,0.06862,0.0165,-0.03345
-12.6,0.11074,0.06862,0.01651,-0.03345
-12.5,0.11075,0.06862,0.01651,-0.03345
-12.4,0.11075,0.06863,0.01651,-0.03345
-12.3,0.11075,0.06863,0.01651,-0.03344
-12.2,0.11075,0.06863,0.01651,-0.03344
-12.1,0.11076,0.06863,0.01652,-0.03344
-12,0.11076,0.06864,0.01652,-0.03344
-11.9,0.11076,0.06864,0.01652,-0.03344
-11.8,0.11077,0.06864,0.01652,-0.03344
-11.7,0.11077,0.06864,0.01653,-0.03343
-11.6,0.11077,0.06865,0.01653,-0.03343
-11.5,0.11077,0.06865,0.01653,-0.03343
-11.4,0.11078,0.06865,0.01653,-0.03343
-11.3,0.11078,0.06865,0.01653,-0.03343
-11.2,0.11078,0.06865,0.01654,-0.03342
-11.1,0.11078,0.06866,0.01654,-0.03342
-11,0.11079,0.06866,0.01654,-0.03342
-10.9,0.11079,0.06866,0.01654,-0.03342
-10.8,0.11079,0.06866,0.01654,-0.03342
-10.7,0.11079,0.06866,0.01654,-0.03342
-10.6,0.11079,0.06867,0.01655,-0.03342
-10.5,0.11079,0.06867,0.01655,-0.03342
-10.4,0.1108,0.06867,0.01655,-0.03342
-10.3,0.1108,0.06867,0.01655,-0.03342
-10.2,0.1108,0.06867,0.01655,-0.03342
-10.1,0.1108,0.06867,0.01655,-0.03342
-10,0.1108,0.06867,0.01655,-0.03342
-9.9,0.1108,0.06867,0.01655,-0.03342
-9.8,0.1108,0.06867,0.01655,-0.03341
-9.7,0.1108,0.06867,0.01655,-0.03341
-9.6,0.11081,0.06868,0.01655,-0.03341
-9.5,0.11081,0.06868,0.01656,-0.03341
-9.4,0.11081,0.06868,0.01656,-0.0334
-9.3,0.11081,0.06868,0.01656,-0.0334
-9.2,0.11082,0.06869,0.01656,-0.0334
-9.1,0.11082,0.06869,0.01656,-0.0334
-9,0.11082,0.06869,0.01657,-0.0334
-8.9,0.11082,0.06869,0.01657,-0.0334
-8.8,0.11082,0.06869,0.01657,-0.0334
-8.7,0.11082,0.06869,0.01657,-0.0334
-8.6,0.11083,0.06869,0.01657,-0.03339
-8.5,0.11083,0.0687,0.01657,-0.03339
-8.4,0.11083,0.0687,0.01657,-0.03339
-8.3,0.11083,0.0687,0.01657,-0.03339
-8.2,0.11083,0.0687,0.01657,-0.03339
-8.1,0.11083,0.0687,0.01657,-0.03339
-8,0.11083,0.0687,0.01657,-0.03339
-7.9,0.11083,0.0687,0.01657,-0.03339
-7.8,0.11083,0.0687,0.01657,-0.0334
-7.7,0.11083,0.06869,0.01657,-0.0334
-7.6,0.11083,0.0687,0.01657,-0.0334
-7.5,0.11083,0.0687,0.01657,-0.03339
-7.4,0.11083,0.0687,0.01658,-0.03339
-7.3,0.11084,0.0687,0.01658,-0.03339
-7.2,0.11084,0.0687,0.01658,-0.03339
-7.1,0.11084,0.0687,0.01658,-0.03339
-7,0.11084,0.0687,0.01658,-0.03339
-6.9,0.11084,0.0687,0.01658,-0.03339
-6.8,0.11083,0.0687,0.01657,-0.03339
-6.7,0.11083,0.0687,0.01657,-0.0334
-6.6,0.11083,0.06869,0.01657,-0.0334
-6.5,0.11082,0.06869,0.01656,-0.0334
-6.4,0.11083,0.06869,0.01657,-0.0334
-6.3,0.11083,0.0687,0.01657,-0.0334
-6.2,0.11083,0.0687,0.01657,-0.03339
-6.1,0.11084,0.0687,0.01658,-0.03339
-6,0.11084,0.06871,0.01658,-0.03339
-5.9,0.11084,0.06871,0.01658,-0.03339
-5.8,0.11084,0.06871,0.01658,-0.03339
-5.7,0.11085,0.06871,0.01658,-0.03338
-5.6,0.11085,0.06871,0.01659,-0.03338
-5.5,0.11085,0.06872,0.01659,-0.03338
-5.4,0.11085,0.06872,0.01659,-0.03338
-5.3,0.11085,0.06872,0.01659,-0.03338
-5.2,0.11086,0.06872,0.01659,-0.03338
-5.1,0.11086,0.06872,0.01659,-0.03338
-5,0.11086,0.06872,0.0166,-0.03337
-4.9,0.11086,0.06872,0.0166,-0.03337
-4.8,0.11086,0.06873,0.0166,-0.03337
-4.7,0.11086,0.06873,0.0166,-0.03337
-4.6,0.11086,0.06872,0.0166,-0.03337
-4.5,0.11086,0.06872,0.01659,-0.03338
-4.4,0.11086,0.06872,0.01659,-0.03338
-4.3,0.11086,0.06872,0.01659,-0.03338
-4.2,0.11086,0.06872,0.01659,-0.03338
-4.1,0.11086,0.06872,0.01659,-0.03338
-4,0.11086,0.06873,0.0166,-0.03337
-3.9,0.11086,0.06873,0.0166,-0.03337
-3.8,0.11087,0.06873,0.0166,-0.03337
-3.7,0.11087,0.06873,0.0166,-0.03337
-3.6,0.11087,0.06874,0.01661,-0.03337
-3.5,0.11087,0.06874,0.01661,-0.03336
-3.4,0.11087,0.06874,0.01661,-0.03336
-3.3,0.11088,0.06874,0.01661,-0.03336
-3.2,0.11088,0.06874,0.01661,-0.03336
-3.1,0.11088,0.06874,0.01661,-0.03336
-3,0.11088,0.06874,0.01661,-0.03336
-2.9,0.11088,0.06874,0.01661,-0.03336
-2.8,0.11088,0.06874,0.01661,-0.03336
-2.7,0.11088,0.06874,0.01661,-0.03336
-2.6,0.11088,0.06874,0.01661,-0.03336
-2.5,0.11087,0.06874,0.01661,-0.03336
-2.4,0.11087,0.06873,0.0166,-0.03337
-2.3,0.11087,0.06873,0.0166,-0.03337
-2.2,0.11086,0.06873,0.0166,-0.03338
-2.1,0.11086,0.06872,0.01659,-0.03338
-2,0.11085,0.06871,0.01658,-0.03339
-1.9,0.11085,0.06871,0.01658,-0.03339
-1.8,0.11085,0.06872,0.01659,-0.03339
-1.7,0.11086,0.06872,0.01659,-0.03338
-1.6,0.11086,0.06872,0.01659,-0.03338
-1.5,0.11086,0.06872,0.01659,-0.03338
-1.4,0.11086,0.06873,0.0166,-0.03338
-1.3,0.11087,0.06873,0.0166,-0.03337
-1.2,0.11087,0.06873,0.0166,-0.03337
-1.1,0.11087,0.06873,0.0166,-0.03337
-1,0.11087,0.06873,0.0166,-0.03337
-0.9,0.11087,0.06873,0.0166,-0.03337
-0.8,0.11087,0.06873,0.0166,-0.03337
-0.7,0.11087,0.06874,0.01661,-0.03337
-0.6,0.11087,0.06874,0.01661,-0.03337
-0.5,0.11088,0.06874,0.01661,-0.03336
-0.4,0.11088,0.06874,0.01661,-0.03336
-0.3,0.11088,0.06874,0.01661,-0.03336
-0.2,0.11088,0.06874,0.01661,-0.03336
-0.1,0.11087,0.06874,0.01661,-0.03337
0,0.11087,0.06874,0.0166,-0.03337
0.1,0.11087,0.06873,0.0166,-0.03337
0.2,0.11087,0.06873,0.0166,-0.03337
0.3,0.11086,0.06873,0.0166,-0.03338
0.4,0.11086,0.06873,0.01659,-0.03338
0.5,0.11086,0.06873,0.01659,-0.03338
0.6,0.11086,0.06872,0.01659,-0.03338
0.7,0.11086,0.06872,0.01659,-0.03338
0.8,0.11086,0.06872,0.01659,-0.03338
0.9,0.11086,0.06872,0.01659,-0.03338
1,0.11086,0.06872,0.01659,-0.03338
1.1,0.11086,0.06872,0.01659,-0.03338
1.2,0.11085,0.06872,0.01659,-0.03338
1.3,0.11085,0.06872,0.01659,-0.03339
1.4,0.11085,0.06872,0.01659,-0.03339
1.5,0.11085,0.06872,0.01659,-0.03339
1.6,0.11086,0.06872,0.01659,-0.03338
1.7,0.11086,0.06872,0.01659,-0.03338
1.8,0.11086,0.06873,0.01659,-0.03338
1.9,0.11086,0.06873,0.0166,-0.03337
2,0.11087,0.06873,0.0166,-0.03337
2.1,0.11087,0.06873,0.0166,-0.03337
2.2,0.11087,0.06873,0.0166,-0.03337
2.3,0.11087,0.06873,0.0166,-0.03337
2.4,0.11087,0.06873,0.0166,-0.03337
2.5,0.11087,0.06874,0.0166,-0.03337
2.6,0.11087,0.06873,0.0166,-0.03337
2.7,0.11087,0.06873,0.0166,-0.03337
2.8,0.11087,0.06873,0.0166,-0.03337
2.9,0.11087,0.06873,0.0166,-0.03337
3,0.11087,0.06873,0.0166,-0.03337
3.1,0.11087,0.06873,0.0166,-0.03337
3.2,0.11087,0.06873,0.0166,-0.03337
3.3,0.11086,0.06873,0.0166,-0.03337
3.4,0.11086,0.06873,0.0166,-0.03338
3.5,0.11086,0.06872,0.01659,-0.03338
3.6,0.11086,0.06872,0.01659,-0.03338
3.7,0.11085,0.06872,0.01659,-0.03338
3.8,0.11085,0.06872,0.01659,-0.03338
3.9,0.11085,0.06872,0.01659,-0.03338
4,0.11085,0.06872,0.01659,-0.03338
4.1,0.11085,0.06872,0.01659,-0.03338
4.2,0.11085,0.06872,0.01659,-0.03338
4.3,0.11085,0.06872,0.01659,-0.03338
4.4,0.11085,0.06872,0.01659,-0.03338
4.5,0.11085,0.06872,0.01659,-0.03338
4.6,0.11085,0.06872,0.01659,-0.03338
4.7,0.11085,0.06872,0.01659,-0.03338
4.8,0.11085,0.06872,0.01659,-0.03338
4.9,0.11085,0.06872,0.01659,-0.03338
5,0.11085,0.06872,0.01659,-0.03338
5.1,0.11085,0.06872,0.01659,-0.03338
5.2,0.11085,0.06872,0.01659,-0.03338
5.3,0.11085,0.06872,0.01659,-0.03338
5.4,0.11085,0.06871,0.01659,-0.03338
5.5,0.11085,0.06871,0.01659,-0.03338
5.6,0.11085,0.06871,0.01658,-0.03338
5.7,0.11085,0.06871,0.01658,-0.03339
5.8,0.11084,0.06871,0.01658,-0.03339
5.9,0.11084,0.06871,0.01658,-0.03339
6,0.11084,0.06871,0.01658,-0.03339
6.1,0.11084,0.06871,0.01658,-0.03339
6.2,0.11084,0.06871,0.01658,-0.03339
6.3,0.11084,0.06871,0.01658,-0.03339
6.4,0.11084,0.0687,0.01658,-0.03339
6.5,0.11084,0.0687,0.01658,-0.03339
6.6,0.11084,0.0687,0.01658,-0.03339
6.7,0.11084,0.0687,0.01658,-0.03339
6.8,0.11084,0.0687,0.01658,-0.03339
6.9,0.11084,0.0687,0.01658,-0.03339
7,0.11084,0.0687,0.01658,-0.03339
7.1,0.11084,0.0687,0.01658,-0.03339
7.2,0.11083,0.0687,0.01658,-0.03339
7.3,0.11083,0.0687,0.01657,-0.0334
7.4,0.11083,0.06869,0.01657,-0.0334
7.5,0.11082,0.06869,0.01656,-0.0334
7.6,0.11082,0.06869,0.01656,-0.03341
7.7,0.11082,0.06868,0.01656,-0.03341
7.8,0.11081,0.06868,0.01656,-0.03341
7.9,0.11081,0.06868,0.01655,-0.03341
8,0.11081,0.06868,0.01655,-0.03341
8.1,0.11081,0.06868,0.01655,-0.03341
8.2,0.11081,0.06867,0.01655,-0.03342
8.3,0.1108,0.06867,0.01655,-0.03342
8.4,0.11081,0.06868,0.01655,-0.03341
8.5,0.11081,0.06868,0.01655,-0.03341
8.6,0.11081,0.06868,0.01655,-0.03341
8.7,0.11081,0.06868,0.01655,-0.03341
8.8,0.11081,0.06868,0.01655,-0.03341
8.9,0.11081,0.06868,0.01655,-0.03341
9,0.1108,0.06867,0.01655,-0.03341
9.1,0.1108,0.06867,0.01655,-0.03341
9.2,0.1108,0.06867,0.01655,-0.03342
9.3,0.1108,0.06867,0.01654,-0.03342
9.4,0.11079,0.06866,0.01654,-0.03342
9.5,0.11079,0.06866,0.01654,-0.03342
9.6,0.11079,0.06866,0.01654,-0.03342
9.7,0.11079,0.06867,0.01654,-0.03342
9.8,0.11079,0.06867,0.01654,-0.03342
9.9,0.11079,0.06867,0.01654,-0.03342
10,0.11079,0.06867,0.01654,-0.03342
10.1,0.11079,0.06866,0.01654,-0.03342
10.2,0.11079,0.06866,0.01654,-0.03342
10.3,0.11079,0.06866,0.01654,-0.03342
10.4,0.11079,0.06866,0.01654,-0.03342
10.5,0.11078,0.06866,0.01654,-0.03343
10.6,0.11078,0.06865,0.01653,-0.03343
10.7,0.11078,0.06865,0.01653,-0.03343
10.8,0.11078,0.06865,0.01653,-0.03343
10.9,0.11078,0.06865,0.01653,-0.03343
11,0.11077,0.06865,0.01653,-0.03343
11.1,0.11077,0.06865,0.01653,-0.03343
11.2,0.11077,0.06865,0.01653,-0.03343
11.3,0.11077,0.06865,0.01653,-0.03343
11.4,0.11077,0.06864,0.01653,-0.03343
11.5,0.11077,0.06864,0.01653,-0.03343
11.6,0.11077,0.06864,0.01652,-0.03344
11.7,0.11077,0.06864,0.01652,-0.03344
11.8,0.11076,0.06864,0.01652,-0.03344
11.9,0.11076,0.06863,0.01652,-0.03344
12,0.11075,0.06863,0.01651,-0.03345
12.1,0.11075,0.06862,0.01651,-0.03345
12.2,0.11074,0.06862,0.0165,-0.03346
12.3,0.11073,0.06861,0.0165,-0.03346
12.4,0.11073,0.06861,0.01649,-0.03347
12.5,0.11072,0.0686,0.01649,-0.03347
12.6,0.11072,0.06859,0.01648,-0.03348
12.7,0.11071,0.06859,0.01647,-0.03348
12.8,0.11071,0.06858,0.01647,-0.03349
12.9,0.1107,0.06858,0.01647,-0.03349
13,0.1107,0.06858,0.01646,-0.03349
13.1,0.1107,0.06858,0.01646,-0.03349
13.2,0.1107,0.06857,0.01646,-0.03349
13.3,0.11069,0.06857,0.01646,-0.03349
13.4,0.11069,0.06857,0.01646,-0.03349
13.5,0.11069,0.06857,0.01646,-0.03349
13.6,0.11069,0.06857,0.01646,-0.03349
13.7,0.11069,0.06857,0.01646,-0.03349
13.8,0.11069,0.06857,0.01646,-0.03349
13.9,0.11069,0.06857,0.01646,-0.03349
14,0.11069,0.06857,0.01646,-0.03349
14.1,0.11069,0.06857,0.01646,-0.03349
14.2,0.11069,0.06857,0.01646,-0.0335
14.3,0.11068,0.06856,0.01645,-0.0335
14.4,0.11068,0.06856,0.01645,-0.0335
14.5,0.11067,0.06855,0.01645,-0.03351
14.6,0.11067,0.06855,0.01644,-0.03351
14.7,0.11066,0.06854,0.01643,-0.03352
14.8,0.11065,0.06854,0.01643,-0.03352
14.9,0.11065,0.06853,0.01642,-0.03353
15,0.11064,0.06852,0.01642,-0.03354
15.1,0.11063,0.06851,0.01641,-0.03354
15.2,0.11062,0.06851,0.0164,-0.03355
15.3,0.11062,0.06851,0.0164,-0.03355
15.4,0.11062,0.0685,0.0164,-0.03355
15.5,0.11062,0.0685,0.0164,-0.03355
15.6,0.11061,0.0685,0.01639,-0.03355
15.7,0.11061,0.06849,0.01639,-0.03356
15.8,0.1106,0.06849,0.01639,-0.03356
15.9,0.1106,0.06849,0.01638,-0.03356
16,0.11059,0.06848,0.01638,-0.03357
16.1,0.11059,0.06847,0.01637,-0.03357
16.2,0.11058,0.06847,0.01637,-0.03358
16.3,0.11057,0.06846,0.01636,-0.03358
16.4,0.11057,0.06846,0.01636,-0.03359
16.5,0.11056,0.06845,0.01635,-0.03359
16.6,0.11056,0.06845,0.01635,-0.0336
16.7,0.11055,0.06844,0.01634,-0.0336
16.8,0.11055,0.06844,0.01634,-0.0336
16.9,0.11054,0.06843,0.01633,-0.03361
17,0.11054,0.06843,0.01633,-0.03361
17.1,0.11053,0.06842,0.01632,-0.03362
17.2,0.11052,0.06842,0.01632,-0.03362
17.3,0.11052,0.06841,0.01631,-0.03363
17.4,0.11051,0.0684,0.01631,-0.03363
17.5,0.11051,0.0684,0.0163,-0.03364
17.6,0.1105,0.0684,0.0163,-0.03364
17.7,0.1105,0.06839,0.0163,-0.03364
17.8,0.1105,0.06839,0.0163,-0.03364
17.9,0.11049,0.06839,0.01629,-0.03365
18,0.11049,0.06838,0.01629,-0.03365
18.1,0.11048,0.06838,0.01628,-0.03365
18.2,0.11048,0.06837,0.01628,-0.03366
18.3,0.11047,0.06837,0.01627,-0.03366
18.4,0.11046,0.06836,0.01627,-0.03367
18.5,0.11046,0.06835,0.01626,-0.03368
18.6,0.11045,0.06835,0.01626,-0.03368
18.7,0.11045,0.06834,0.01625,-0.03368
18.8,0.11044,0.06834,0.01625,-0.03368
18.9,0.11044,0.06834,0.01625,-0.03369
19,0.11044,0.06834,0.01625,-0.03369
19.1,0.11044,0.06833,0.01625,-0.03369
19.2,0.11043,0.06833,0.01625,-0.03369
19.3,0.11043,0.06833,0.01624,-0.03369
19.4,0.11043,0.06833,0.01624,-0.03369
19.5,0.11042,0.06833,0.01624,-0.03369
19.6,0.11042,0.06832,0.01624,-0.03369
19.7,0.11042,0.06832,0.01624,-0.03369
19.8,0.11042,0.06832,0.01623,-0.0337
19.9,0.11041,0.06831,0.01623,-0.0337
20,0.11041,0.06831,0.01623,-0.0337
20.1,0.1104,0.0683,0.01622,-0.03371
20.2,0.1104,0.0683,0.01622,-0.03371
20.3,0.11039,0.06829,0.01621,-0.03372
20.4,0.11038,0.06829,0.01621,-0.03372
20.5,0.11038,0.06828,0.0162,-0.03372
20.6,0.11037,0.06828,0.0162,-0.03373
20.7,0.11036,0.06827,0.01619,-0.03373
20.8,0.11036,0.06826,0.01619,-0.03374
20.9,0.11035,0.06826,0.01618,-0.03375
21,0.11034,0.06825,0.01617,-0.03375
21.1,0.11033,0.06824,0.01616,-0.03376
21.2,0.11032,0.06823,0.01615,-0.03377
21.3,0.11031,0.06822,0.01615,-0.03378
21.4,0.1103,0.06821,0.01614,-0.03378
21.5,0.1103,0.06821,0.01613,-0.03379
21.6,0.11029,0.0682,0.01613,-0.03379
21.7,0.11028,0.0682,0.01613,-0.0338
21.8,0.11028,0.06819,0.01612,-0.0338
21.9,0.11028,0.06819,0.01612,-0.0338
22,0.11027,0.06819,0.01612,-0.0338
22.1,0.11027,0.06818,0.01611,-0.03381
22.2,0.11026,0.06817,0.01611,-0.03381
22.3,0.11025,0.06817,0.0161,-0.03382
22.4,0.11024,0.06816,0.01609,-0.03383
22.5,0.11023,0.06815,0.01608,-0.03383
22.6,0.11023,0.06814,0.01608,-0.03384
22.7,0.11022,0.06814,0.01607,-0.03384
22.8,0.11021,0.06813,0.01607,-0.03385
22.9,0.1102,0.06812,0.01606,-0.03386
23,0.1102,0.06812,0.01605,-0.03386
23.1,0.11019,0.06811,0.01605,-0.03387
23.2,0.11018,0.0681,0.01604,-0.03387
23.3,0.11017,0.06809,0.01603,-0.03388
23.4,0.11016,0.06808,0.01603,-0.03389
23.5,0.11015,0.06808,0.01602,-0.03389
23.6,0.11014,0.06807,0.01601,-0.0339
23.7,0.11014,0.06806,0.016,-0.03391
23.8,0.11013,0.06805,0.016,-0.03391
23.9,0.11012,0.06804,0.01599,-0.03392
24,0.11011,0.06804,0.01598,-0.03393
24.1,0.1101,0.06803,0.01597,-0.03393
24.2,0.11009,0.06802,0.01597,-0.03394
24.3,0.11008,0.06801,0.01596,-0.03394
24.4,0.11007,0.068,0.01595,-0.03395
24.5,0.11006,0.06799,0.01594,-0.03396
24.6,0.11005,0.06798,0.01593,-0.03397
24.7,0.11004,0.06797,0.01593,-0.03398
24.8,0.11003,0.06797,0.01592,-0.03398
24.9,0.11002,0.06796,0.01591,-0.03399
25,0.11002,0.06795,0.0159,-0.034
25.1,0.11001,0.06794,0.0159,-0.034
25.2,0.11,0.06794,0.01589,-0.03401
25.3,0.10999,0.06793,0.01589,-0.03401
25.4,0.10999,0.06792,0.01588,-0.03402
25.5,0.10998,0.06792,0.01588,-0.03402
25.6,0.10996,0.0679,0.01586,-0.03403
25.7,0.10995,0.06789,0.01585,-0.03405
25.8,0.10994,0.06788,0.01584,-0.03406
25.9,0.10992,0.06786,0.01582,-0.03407
26,0.10991,0.06785,0.01581,-0.03408
26.1,0.10989,0.06784,0.0158,-0.03409
26.2,0.10988,0.06782,0.01579,-0.0341
26.3,0.10987,0.06781,0.01578,-0.03411
26.4,0.10985,0.0678,0.01576,-0.03412
26.5,0.10984,0.06778,0.01575,-0.03413
26.6,0.10983,0.06777,0.01574,-0.03414
26.7,0.10981,0.06776,0.01573,-0.03415
26.8,0.1098,0.06775,0.01572,-0.03416
26.9,0.10979,0.06774,0.01571,-0.03417
27,0.10978,0.06773,0.01571,-0.03418
27.1,0.10977,0.06772,0.0157,-0.03419
27.2,0.10976,0.06771,0.01569,-0.03419
27.3,0.10975,0.0677,0.01568,-0.0342
27.4,0.10974,0.06769,0.01567,-0.03421
27.5,0.10973,0.06769,0.01566,-0.03421
27.6,0.10972,0.06768,0.01566,-0.03422
27.7,0.10971,0.06767,0.01565,-0.03423
27.8,0.1097,0.06766,0.01564,-0.03424
27.9,0.10969,0.06765,0.01563,-0.03425
28,0.10967,0.06763,0.01562,-0.03426
28.1,0.10966,0.06762,0.0156,-0.03427
28.2,0.10964,0.06761,0.01559,-0.03428
28.3,0.10963,0.06759,0.01558,-0.03429
28.4,0.10962,0.06758,0.01557,-0.0343
28.5,0.1096,0.06757,0.01556,-0.03431
28.6,0.10959,0.06756,0.01555,-0.03432
28.7,0.10958,0.06754,0.01554,-0.03433
28.8,0.10957,0.06753,0.01553,-0.03434
28.9,0.10955,0.06752,0.01552,-0.03435
29,0.10954,0.06751,0.01551,-0.03436
29.1,0.10953,0.0675,0.0155,-0.03437
29.2,0.10951,0.06749,0.01548,-0.03438
29.3,0.1095,0.06747,0.01547,-0.03439
29.4,0.10949,0.06746,0.01546,-0.0344
29.5,0.10947,0.06745,0.01545,-0.03441
29.6,0.10946,0.06744,0.01544,-0.03442
29.7,0.10945,0.06742,0.01543,-0.03443
29.8,0.10943,0.06741,0.01542,-0.03444
29.9,0.10942,0.0674,0.01541,-0.03445
30,0.10941,0.06739,0.0154,-0.03446
30.1,0.10939,0.06738,0.01539,-0.03447
30.2,0.10938,0.06736,0.01537,-0.03448
30.3,0.10937,0.06735,0.01536,-0.03449
30.4,0.10935,0.06734,0.01535,-0.0345
30.5,0.10934,0.06733,0.01534,-0.03451
30.6,0.10933,0.06731,0.01533,-0.03452
30.7,0.10931,0.0673,0.01532,-0.03453
30.8,0.1093,0.06729,0.01531,-0.03454
30.9,0.10928,0.06727,0.01529,-0.03455
31,0.10927,0.06726,0.01528,-0.03456
31.1,0.10925,0.06724,0.01527,-0.03457
31.2,0.10924,0.06723,0.01526,-0.03458
31.3,0.10922,0.06721,0.01524,-0.0346
31.4,0.1092,0.0672,0.01522,-0.03461
31.5,0.10918,0.06718,0.01521,-0.03463
31.6,0.10916,0.06716,0.01519,-0.03464
31.7,0.10914,0.06714,0.01518,-0.03466
31.8,0.10912,0.06713,0.01516,-0.03467
31.9,0.10911,0.06711,0.01514,-0.03469
32,0.10909,0.06709,0.01513,-0.0347
32.1,0.10907,0.06707,0.01511,-0.03472
32.2,0.10905,0.06706,0.0151,-0.03473
32.3,0.10903,0.06704,0.01508,-0.03474
32.4,0.10901,0.06702,0.01507,-0.03476
32.5,0.109,0.06701,0.01505,-0.03477
32.6,0.10898,0.06699,0.01504,-0.03478
32.7,0.10896,0.06698,0.01503,-0.0348
32.8,0.10895,0.06696,0.01501,-0.03481
32.9,0.10893,0.06695,0.015,-0.03482
33,0.10891,0.06693,0.01498,-0.03483
33.1,0.10889,0.06691,0.01497,-0.03485
33.2,0.10888,0.0669,0.01495,-0.03486
33.3,0.10886,0.06688,0.01494,-0.03487
33.4,0.10884,0.06686,0.01492,-0.03489
33.5,0.10882,0.06685,0.01491,-0.0349
33.6,0.1088,0.06683,0.01489,-0.03491
33.7,0.10878,0.06681,0.01488,-0.03493
33.8,0.10876,0.06679,0.01486,-0.03494
33.9,0.10874,0.06677,0.01484,-0.03496
34,0.10872,0.06676,0.01483,-0.03497
34.1,0.10871,0.06674,0.01481,-0.03499
34.2,0.10869,0.06672,0.0148,-0.035
34.3,0.10867,0.06671,0.01478,-0.03501
34.4,0.10865,0.06669,0.01477,-0.03503
34.5,0.10863,0.06667,0.01475,-0.03504
34.6,0.10862,0.06666,0.01474,-0.03505
34.7,0.1086,0.06664,0.01473,-0.03506
34.8,0.10857,0.06662,0.01471,-0.03508
34.9,0.10855,0.0666,0.01469,-0.0351
35,0.10853,0.06657,0.01466,-0.03512
35.1,0.1085,0.06655,0.01464,-0.03514
35.2,0.10848,0.06653,0.01462,-0.03516
35.3,0.10846,0.06651,0.01461,-0.03518
35.4,0.10843,0.06649,0.01459,-0.03519
35.5,0.10841,0.06647,0.01457,-0.03521
35.6,0.10839,0.06645,0.01455,-0.03523
35.7,0.10837,0.06643,0.01453,-0.03524
35.8,0.10835,0.06641,0.01451,-0.03526
35.9,0.10832,0.06639,0.0145,-0.03527
36,0.10831,0.06637,0.01448,-0.03529
36.1,0.10829,0.06635,0.01447,-0.0353
36.2,0.10827,0.06633,0.01445,-0.03532
36.3,0.10825,0.06632,0.01443,-0.03533
36.4,0.10822,0.0663,0.01442,-0.03535
36.5,0.1082,0.06628,0.0144,-0.03536
36.6,0.10818,0.06626,0.01438,-0.03538
36.7,0.10816,0.06623,0.01436,-0.0354
36.8,0.10813,0.06621,0.01434,-0.03541
36.9,0.10811,0.06619,0.01432,-0.03543
37,0.10808,0.06617,0.0143,-0.03545
37.1,0.10806,0.06614,0.01428,-0.03547
37.2,0.10804,0.06612,0.01426,-0.03549
37.3,0.10801,0.0661,0.01424,-0.0355
37.4,0.10799,0.06608,0.01422,-0.03552
37.5,0.10796,0.06606,0.0142,-0.03554
37.6,0.10794,0.06604,0.01418,-0.03556
37.7,0.10792,0.06601,0.01416,-0.03557
37.8,0.10789,0.06599,0.01414,-0.03559
37.9,0.10787,0.06597,0.01412,-0.03561
38,0.10784,0.06594,0.0141,-0.03563
38.1,0.10781,0.06592,0.01408,-0.03565
38.2,0.10779,0.0659,0.01406,-0.03567
38.3,0.10776,0.06587,0.01404,-0.03569
38.4,0.10773,0.06585,0.01401,-0.03571
38.5,0.10771,0.06582,0.01399,-0.03573
38.6,0.10768,0.06579,0.01397,-0.03575
38.7,0.10765,0.06577,0.01394,-0.03577
38.8,0.10762,0.06574,0.01392,-0.0358
38.9,0.10759,0.06571,0.01389,-0.03582
39,0.10756,0.06568,0.01387,-0.03584
39.1,0.10753,0.06565,0.01384,-0.03587
39.2,0.10749,0.06562,0.01381,-0.03589
39.3,0.10746,0.06559,0.01379,-0.03592
39.4,0.10743,0.06557,0.01376,-0.03594
39.5,0.1074,0.06554,0.01374,-0.03596
39.6,0.10737,0.06551,0.01371,-0.03598
39.7,0.10734,0.06549,0.01369,-0.036
39.8,0.10732,0.06546,0.01367,-0.03602
39.9,0.10728,0.06543,0.01364,-0.03605
40,0.10725,0.0654,0.01361,-0.03607
40.1,0.10722,0.06537,0.01359,-0.03609
40.2,0.10719,0.06534,0.01356,-0.03612
40.3,0.10716,0.06531,0.01353,-0.03614
40.4,0.10712,0.06528,0.01351,-0.03617
40.5,0.10709,0.06525,0.01348,-0.03619
40.6,0.10706,0.06522,0.01345,-0.03622
40.7,0.10703,0.06519,0.01343,-0.03624
40.8,0.10699,0.06516,0.0134,-0.03627
40.9,0.10696,0.06513,0.01337,-0.03629
41,0.10693,0.0651,0.01334,-0.03631
41.1,0.10689,0.06507,0.01332,-0.03634
41.2,0.10686,0.06504,0.01329,-0.03636
41.3,0.10682,0.06501,0.01326,-0.03639
41.4,0.10679,0.06498,0.01323,-0.03642
41.5,0.10675,0.06494,0.0132,-0.03644
41.6,0.10672,0.06491,0.01317,-0.03647
41.7,0.10668,0.06488,0.01314,-0.0365
41.8,0.10665,0.06485,0.01312,-0.03652
41.9,0.10662,0.06482,0.01309,-0.03654
42,0.10659,0.06479,0.01307,-0.03656
42.1,0.10655,0.06476,0.01304,-0.03659
42.2,0.10652,0.06473,0.01301,-0.03661
42.3,0.10649,0.0647,0.01299,-0.03663
42.4,0.10646,0.06467,0.01296,-0.03666
42.5,0.10643,0.06464,0.01294,-0.03668
42.6,0.1064,0.06462,0.01291,-0.0367
42.7,0.10636,0.06459,0.01289,-0.03672
42.8,0.10633,0.06456,0.01286,-0.03674
42.9,0.1063,0.06453,0.01283,-0.03677
43,0.10626,0.06449,0.0128,-0.0368
43.1,0.10622,0.06445,0.01277,-0.03683
43.2,0.10618,0.06441,0.01273,-0.03686
43.3,0.10614,0.06438,0.0127,-0.03689
43.4,0.1061,0.06434,0.01267,-0.03692
43.5,0.10606,0.06431,0.01264,-0.03695
43.6,0.10602,0.06427,0.01261,-0.03697
43.7,0.10598,0.06423,0.01257,-0.037
43.8,0.10594,0.0642,0.01254,-0.03703
43.9,0.1059,0.06417,0.01251,-0.03706
44,0.10587,0.06413,0.01248,-0.03708
44.1,0.10583,0.0641,0.01245,-0.03711
44.2,0.10579,0.06406,0.01242,-0.03713
44.3,0.10575,0.06403,0.01239,-0.03716
44.4,0.10571,0.06399,0.01236,-0.03719
44.5,0.10567,0.06396,0.01233,-0.03722
44.6,0.10563,0.06392,0.0123,-0.03725
44.7,0.10559,0.06388,0.01226,-0.03728
44.8,0.10555,0.06384,0.01223,-0.03731
44.9,0.10551,0.0638,0.01219,-0.03734
45,0.10546,0.06376,0.01216,-0.03737
45.1,0.10542,0.06372,0.01212,-0.0374
45.2,0.10537,0.06368,0.01209,-0.03743
45.3,0.10533,0.06365,0.01205,-0.03746
45.4,0.10529,0.06361,0.01202,-0.03749
45.5,0.10526,0.06358,0.012,-0.03751
45.6,0.10522,0.06354,0.01197,-0.03754
45.7,0.10518,0.06351,0.01194,-0.03756
45.8,0.10515,0.06348,0.01191,-0.03758
45.9,0.10512,0.06345,0.01189,-0.0376
46,0.10508,0.06342,0.01187,-0.03762
46.1,0.10505,0.06339,0.01184,-0.03764
46.2,0.10502,0.06337,0.01182,-0.03766
46.3,0.10499,0.06334,0.0118,-0.03767
46.4,0.10496,0.06331,0.01177,-0.03769
46.5,0.10492,0.06328,0.01174,-0.03772
46.6,0.10488,0.06324,0.01172,-0.03774
46.7,0.10484,0.06321,0.01169,-0.03776
46.8,0.10481,0.06318,0.01167,-0.03778
46.9,0.10478,0.06316,0.01165,-0.0378
47,0.10475,0.06313,0.01163,-0.03781
47.1,0.10472,0.06311,0.01161,-0.03782
47.2,0.1047,0.06309,0.0116,-0.03783
47.3,0.10467,0.06307,0.01158,-0.03784
47.4,0.10465,0.06306,0.01157,-0.03784
47.5,0.10464,0.06304,0.01157,-0.03784
47.6,0.10462,0.06303,0.01156,-0.03784
47.7,0.10461,0.06302,0.01156,-0.03784
47.8,0.1046,0.06302,0.01156,-0.03783
47.9,0.10459,0.06302,0.01157,-0.03782
48,0.10459,0.06302,0.01158,-0.0378
48.1,0.10459,0.06303,0.01159,-0.03778
48.2,0.1046,0.06304,0.01161,-0.03776
48.3,0.10461,0.06306,0.01163,-0.03773
48.4,0.10462,0.06308,0.01166,-0.03769
48.5,0.10464,0.0631,0.01169,-0.03766
48.6,0.10466,0.06313,0.01172,-0.03761
48.7,0.10469,0.06316,0.01176,-0.03757
48.8,0.10472,0.0632,0.01181,-0.03751
48.9,0.10477,0.06325,0.01187,-0.03745
49,0.10481,0.0633,0.01193,-0.03738
49.1,0.10486,0.06336,0.01199,-0.0373
49.2,0.10492,0.06342,0.01206,-0.03723
49.3,0.10498,0.06348,0.01213,-0.03715
49.4,0.10504,0.06355,0.0122,-0.03706
49.5,0.1051,0.06362,0.01228,-0.03697
49.6,0.10517,0.06369,0.01237,-0.03688
49.7,0.10524,0.06377,0.01245,-0.03678
49.8,0.10532,0.06385,0.01254,-0.03668
49.9,0.1054,0.06394,0.01264,-0.03658
50,0.10547,0.06402,0.01273,-0.03647
50.1,0.10552,0.06408,0.01279,-0.0364
50.2,0.10554,0.0641,0.01282,-0.03636
50.3,0.10552,0.06409,0.01282,-0.03636
50.4,0.10548,0.06405,0.01279,-0.03638
50.5,0.1054,0.06398,0.01273,-0.03643
50.6,0.1053,0.06388,0.01264,-0.03652
50.7,0.10516,0.06376,0.01252,-0.03664
50.8,0.105,0.0636,0.01237,-0.03678
50.9,0.1048,0.06341,0.01218,-0.03696
51,0.10458,0.06319,0.01197,-0.03717
51.1,0.10435,0.06297,0.01176,-0.03738
51.2,0.10414,0.06277,0.01156,-0.03758
51.3,0.10393,0.06256,0.01136,-0.03777
51.4,0.10372,0.06235,0.01116,-0.03797
51.5,0.1035,0.06214,0.01096,-0.03817
51.6,0.10328,0.06193,0.01075,-0.03837
51.7,0.10306,0.06172,0.01055,-0.03858
51.8,0.10284,0.0615,0.01034,-0.03878
51.9,0.10262,0.06129,0.01013,-0.03898
52,0.1024,0.06107,0.00992,-0.03919
52.1,0.10217,0.06085,0.00971,-0.0394
52.2,0.10195,0.06064,0.0095,-0.0396
52.3,0.10175,0.06045,0.00932,-0.03978
52.4,0.10156,0.06026,0.00915,-0.03995
52.5,0.10137,0.06008,0.00897,-0.04012
52.6,0.10119,0.05991,0.00881,-0.04028
52.7,0.10101,0.05973,0.00864,-0.04044
52.8,0.10083,0.05956,0.00848,-0.04059
52.9,0.10066,0.0594,0.00832,-0.04074
53,0.10049,0.05924,0.00817,-0.04089
53.1,0.10032,0.05908,0.00802,-0.04103
53.2,0.10016,0.05892,0.00788,-0.04117
53.3,0.1,0.05877,0.00774,-0.0413
53.4,0.09985,0.05863,0.0076,-0.04143
53.5,0.0997,0.05848,0.00747,-0.04156
53.6,0.09954,0.05834,0.00733,-0.04169
53.7,0.09939,0.05819,0.0072,-0.04181
53.8,0.09924,0.05805,0.00706,-0.04194
53.9,0.09908,0.05791,0.00693,-0.04206
54,0.09893,0.05776,0.0068,-0.04219
54.1,0.09878,0.05762,0.00667,-0.04231
54.2,0.09863,0.05748,0.00654,-0.04244
54.3,0.09848,0.05734,0.0064,-0.04256
54.4,0.09833,0.05719,0.00627,-0.04268
54.5,0.09817,0.05705,0.00614,-0.0428
54.6,0.09802,0.05691,0.00601,-0.04292
54.7,0.09787,0.05677,0.00588,-0.04304
54.8,0.09772,0.05663,0.00576,-0.04316
54.9,0.09757,0.05649,0.00562,-0.04328
55,0.09742,0.05634,0.00549,-0.0434
55.1,0.09726,0.0562,0.00536,-0.04353
55.2,0.0971,0.05605,0.00523,-0.04365
55.3,0.09695,0.05591,0.0051,-0.04377
55.4,0.09679,0.05576,0.00496,-0.0439
55.5,0.09663,0.05561,0.00483,-0.04402
55.6,0.09647,0.05546,0.00469,-0.04415
55.7,0.09631,0.05531,0.00455,-0.04427
55.8,0.09615,0.05516,0.00442,-0.0444
55.9,0.09598,0.05501,0.00428,-0.04452
56,0.09582,0.05486,0.00414,-0.04465
56.1,0.09565,0.05471,0.004,-0.04478
56.2,0.09549,0.05455,0.00386,-0.04491
56.3,0.09532,0.05439,0.00372,-0.04504
56.4,0.09515,0.05423,0.00357,-0.04517
56.5,0.09497,0.05407,0.00343,-0.0453
56.6,0.0948,0.05391,0.00328,-0.04544
56.7,0.09462,0.05375,0.00313,-0.04557
56.8,0.09444,0.05358,0.00298,-0.04571
56.9,0.09426,0.05342,0.00283,-0.04585
57,0.09408,0.05325,0.00268,-0.04599
57.1,0.09389,0.05307,0.00251,-0.04614
57.2,0.09369,0.05289,0.00235,-0.04629
57.3,0.0935,0.0527,0.00218,-0.04644
57.4,0.0933,0.05252,0.00201,-0.0466
57.5,0.09309,0.05233,0.00184,-0.04676
57.6,0.09289,0.05214,0.00167,-0.04692
57.7,0.09268,0.05194,0.00149,-0.04708
57.8,0.09247,0.05175,0.00131,-0.04724
57.9,0.09225,0.05155,0.00113,-0.04741
58,0.09204,0.05135,9.50E-04,-0.04758
58.1,0.09182,0.05114,7.65E-04,-0.04775
58.2,0.09159,0.05094,5.78E-04,-0.04792
58.3,0.09137,0.05073,3.92E-04,-0.04809
58.4,0.09115,0.05052,2.02E-04,-0.04826
58.5,0.09092,0.05031,8.70E-06,-0.04844
58.6,0.09068,0.05009,-1.88E-04,-0.04862
58.7,0.09044,0.04987,-3.88E-04,-0.0488
58.8,0.0902,0.04964,-5.92E-04,-0.04899
58.9,0.08996,0.04942,-7.99E-04,-0.04918
59,0.08971,0.04918,-0.00101,-0.04937
59.1,0.08945,0.04895,-0.00122,-0.04957
59.2,0.08919,0.04871,-0.00144,-0.04977
59.3,0.08893,0.04846,-0.00166,-0.04997
59.4,0.08866,0.04822,-0.00189,-0.05018
59.5,0.08839,0.04796,-0.00212,-0.05039
59.6,0.0881,0.0477,-0.00236,-0.05061
59.7,0.08782,0.04743,-0.0026,-0.05083
59.8,0.08752,0.04716,-0.00285,-0.05106
59.9,0.08722,0.04688,-0.0031,-0.05129
60,0.08692,0.0466,-0.00336,-0.05153
60.1,0.08661,0.04631,-0.00362,-0.05177
60.2,0.08629,0.04601,-0.00389,-0.05202
60.3,0.08597,0.04571,-0.00417,-0.05227
60.4,0.08564,0.04541,-0.00444,-0.05252
60.5,0.08531,0.0451,-0.00473,-0.05278
60.6,0.08497,0.04478,-0.00501,-0.05305
60.7,0.08463,0.04447,-0.0053,-0.05331
60.8,0.08428,0.04414,-0.00559,-0.05358
60.9,0.08393,0.04381,-0.00589,-0.05386
61,0.08356,0.04347,-0.0062,-0.05414
61.1,0.08319,0.04313,-0.00652,-0.05443
61.2,0.08281,0.04277,-0.00684,-0.05473
61.3,0.08242,0.04241,-0.00717,-0.05504
61.4,0.08202,0.04204,-0.00751,-0.05535
61.5,0.08161,0.04166,-0.00785,-0.05566
61.6,0.0812,0.04127,-0.00821,-0.05599
61.7,0.08077,0.04088,-0.00857,-0.05632
61.8,0.08034,0.04048,-0.00893,-0.05665
61.9,0.07991,0.04008,-0.0093,-0.05699
62,0.07947,0.03966,-0.00967,-0.05734
62.1,0.07901,0.03924,-0.01006,-0.05769
62.2,0.07855,0.03881,-0.01045,-0.05805
62.3,0.07808,0.03837,-0.01085,-0.05842
62.4,0.07759,0.03792,-0.01126,-0.0588
62.5,0.0771,0.03746,-0.01168,-0.05919
62.6,0.0766,0.03699,-0.01211,-0.05958
62.7,0.07608,0.03651,-0.01254,-0.05998
62.8,0.07556,0.03603,-0.01299,-0.06039
62.9,0.07503,0.03553,-0.01344,-0.06081
63,0.07448,0.03502,-0.01391,-0.06124
63.1,0.07392,0.0345,-0.01438,-0.06168
63.2,0.07335,0.03397,-0.01486,-0.06212
63.3,0.07277,0.03343,-0.01536,-0.06258
63.4,0.07218,0.03288,-0.01586,-0.06304
63.5,0.07158,0.03232,-0.01637,-0.06351
63.6,0.07096,0.03174,-0.01689,-0.06399
63.7,0.07033,0.03116,-0.01742,-0.06448
63.8,0.0697,0.03057,-0.01796,-0.06498
63.9,0.06905,0.02997,-0.01851,-0.06548
64,0.06839,0.02935,-0.01907,-0.066
64.1,0.06772,0.02873,-0.01964,-0.06652
64.2,0.06703,0.02808,-0.02023,-0.06706
64.3,0.06633,0.02743,-0.02082,-0.06761
64.4,0.06561,0.02677,-0.02142,-0.06816
64.5,0.06489,0.02609,-0.02204,-0.06873
64.6,0.06415,0.02541,-0.02266,-0.0693
64.7,0.0634,0.02471,-0.02329,-0.06988
64.8,0.06264,0.02401,-0.02393,-0.07047
64.9,0.06187,0.02329,-0.02458,-0.07107
65,0.06109,0.02256,-0.02525,-0.07167
65.1,0.06029,0.02183,-0.02591,-0.07229
65.2,0.05949,0.02108,-0.02659,-0.07291
65.3,0.05867,0.02032,-0.02728,-0.07354
65.4,0.05784,0.01955,-0.02798,-0.07417
65.5,0.057,0.01878,-0.02868,-0.07481
65.6,0.05616,0.01799,-0.02939,-0.07546
65.7,0.0553,0.0172,-0.0301,-0.07611
65.8,0.05444,0.0164,-0.03083,-0.07677
65.9,0.05356,0.01559,-0.03156,-0.07744
66,0.05268,0.01477,-0.03229,-0.0781
66.1,0.05178,0.01395,-0.03304,-0.07878
66.2,0.05088,0.01311,-0.03379,-0.07946
66.3,0.04996,0.01227,-0.03454,-0.08015
66.4,0.04904,0.01142,-0.03531,-0.08084
66.5,0.04811,0.01056,-0.03608,-0.08153
66.6,0.04718,0.0097,-0.03684,-0.08222
66.7,0.04624,0.00884,-0.03761,-0.08291
66.8,0.04529,0.00798,-0.03839,-0.08361
66.9,0.04434,0.00711,-0.03916,-0.0843
67,0.04339,0.00623,-0.03994,-0.08499
67.1,0.04243,0.00536,-0.04072,-0.08569
67.2,0.04147,0.00448,-0.0415,-0.08638
67.3,0.0405,0.00359,-0.04228,-0.08707
67.4,0.03953,0.0027,-0.04306,-0.08777
67.5,0.03855,0.00181,-0.04385,-0.08846
67.6,0.03757,9.18E-04,-0.04463,-0.08915
67.7,0.03658,2.50E-05,-0.04542,-0.08984
67.8,0.0356,-8.71E-04,-0.0462,-0.09053
67.9,0.0346,-0.00177,-0.04699,-0.09122
68,0.03361,-0.00267,-0.04777,-0.0919
68.1,0.03261,-0.00357,-0.04856,-0.09258
68.2,0.0316,-0.00448,-0.04934,-0.09325
68.3,0.03059,-0.00539,-0.05013,-0.09393
68.4,0.02958,-0.0063,-0.05091,-0.0946
68.5,0.02856,-0.00721,-0.0517,-0.09527
68.6,0.02754,-0.00813,-0.05248,-0.09594
68.7,0.02651,-0.00904,-0.05327,-0.0966
68.8,0.02549,-0.00996,-0.05405,-0.09726
68.9,0.02445,-0.01088,-0.05483,-0.09791
69,0.02341,-0.01181,-0.05561,-0.09857
69.1,0.02235,-0.01274,-0.0564,-0.09922
69.2,0.02128,-0.01369,-0.0572,-0.09988
69.3,0.0202,-0.01464,-0.05799,-0.10053
69.4,0.01911,-0.0156,-0.05879,-0.10118
69.5,0.01801,-0.01657,-0.0596,-0.10183
69.6,0.0169,-0.01755,-0.06041,-0.10248
69.7,0.01577,-0.01853,-0.06122,-0.10313
69.8,0.01464,-0.01952,-0.06203,-0.10378
69.9,0.01349,-0.02052,-0.06285,-0.10443
70,0.01233,-0.02153,-0.06367,-0.10507
70.1,0.01113,-0.02257,-0.06451,-0.10573
70.2,0.0099,-0.02363,-0.06537,-0.10638
70.3,0.00864,-0.02472,-0.06624,-0.10705
70.4,0.00734,-0.02583,-0.06712,-0.10771
70.5,0.00601,-0.02697,-0.06803,-0.10839
70.6,0.00465,-0.02814,-0.06894,-0.10906
70.7,0.00325,-0.02932,-0.06987,-0.10974
70.8,0.00182,-0.03054,-0.07082,-0.11043
70.9,3.57E-04,-0.03178,-0.07178,-0.11112
71,-0.00114,-0.03304,-0.07276,-0.11182
71.1,-0.00271,-0.03436,-0.07377,-0.11253
71.2,-0.00436,-0.03575,-0.07482,-0.11326
71.3,-0.0061,-0.0372,-0.07592,-0.11401
71.4,-0.00793,-0.03872,-0.07706,-0.11478
71.5,-0.00984,-0.04031,-0.07824,-0.11557
71.6,-0.01184,-0.04196,-0.07947,-0.11638
71.7,-0.01392,-0.04369,-0.08074,-0.1172
71.8,-0.0161,-0.04548,-0.08206,-0.11804
71.9,-0.01836,-0.04734,-0.08341,-0.11891
72,-0.0207,-0.04926,-0.08481,-0.11979
72.1,-0.02314,-0.05125,-0.08625,-0.12069
72.2,-0.0257,-0.05334,-0.08776,-0.12161
72.3,-0.02842,-0.05556,-0.08935,-0.12257
72.4,-0.0313,-0.0579,-0.09101,-0.12357
72.5,-0.03432,-0.06035,-0.09276,-0.12461
72.6,-0.03749,-0.06293,-0.09458,-0.12569
72.7,-0.04082,-0.06562,-0.09648,-0.12681
72.8,-0.0443,-0.06843,-0.09846,-0.12797
72.9,-0.04793,-0.07136,-0.10053,-0.12916
73,-0.05171,-0.07441,-0.10267,-0.1304
73.1,-0.05564,-0.07758,-0.10488,-0.13167
73.2,-0.05972,-0.08087,-0.10718,-0.13299
73.3,-0.06393,-0.08427,-0.10956,-0.13434
73.4,-0.06812,-0.08764,-0.11192,-0.1357
73.5,-0.07224,-0.09097,-0.11425,-0.13705
73.6,-0.07629,-0.09424,-0.11655,-0.13838
73.7,-0.08026,-0.09745,-0.11881,-0.13969
73.8,-0.08417,-0.10061,-0.12104,-0.14099
73.9,-0.08801,-0.10372,-0.12323,-0.14228
74,-0.09177,-0.10677,-0.12539,-0.14355
74.1,-0.09547,-0.10977,-0.12752,-0.14481
74.2,-0.0991,-0.11271,-0.12961,-0.14605
74.3,-0.10265,-0.1156,-0.13166,-0.14728
74.4,-0.10614,-0.11843,-0.13368,-0.14849
74.5,-0.10928,-0.12099,-0.13552,-0.1496
74.6,-0.11227,-0.12343,-0.13727,-0.15067
74.7,-0.11513,-0.12577,-0.13895,-0.1517
74.8,-0.11786,-0.128,-0.14056,-0.15269
74.9,-0.12046,-0.13013,-0.1421,-0.15365
75,-0.12294,-0.13215,-0.14357,-0.15456
75.1,-0.12528,-0.13407,-0.14496,-0.15544
75.2,-0.12749,-0.13589,-0.14629,-0.15628
75.3,-0.12957,-0.13761,-0.14754,-0.15708
75.4,-0.13153,-0.13922,-0.14873,-0.15784
75.5,-0.13335,-0.14073,-0.14984,-0.15857
75.6,-0.13502,-0.14211,-0.15087,-0.15924
75.7,-0.13659,-0.14341,-0.15184,-0.15989
75.8,-0.1381,-0.14467,-0.15278,-0.16052
75.9,-0.13955,-0.14587,-0.15369,-0.16112
76,-0.14093,-0.14703,-0.15456,-0.16171
76.1,-0.14226,-0.14814,-0.15539,-0.16228
76.2,-0.14352,-0.1492,-0.15619,-0.16283
76.3,-0.14473,-0.1502,-0.15696,-0.16335
76.4,-0.14587,-0.15116,-0.1577,-0.16386
76.5,-0.14695,-0.15208,-0.15839,-0.16435
76.6,-0.14797,-0.15294,-0.15906,-0.16482
76.7,-0.14893,-0.15375,-0.15969,-0.16527
76.8,-0.14985,-0.15453,-0.16029,-0.16571
76.9,-0.15074,-0.15529,-0.16088,-0.16614
77,-0.1516,-0.15602,-0.16146,-0.16655
77.1,-0.15243,-0.15672,-0.16201,-0.16696
77.2,-0.15323,-0.15741,-0.16255,-0.16735
77.3,-0.154,-0.15807,-0.16307,-0.16774
77.4,-0.15474,-0.1587,-0.16357,-0.16811
77.5,-0.15545,-0.15931,-0.16406,-0.16848
77.6,-0.15613,-0.1599,-0.16453,-0.16883
77.7,-0.15679,-0.16047,-0.16498,-0.16918
77.8,-0.15741,-0.16101,-0.16542,-0.16951
77.9,-0.15802,-0.16153,-0.16584,-0.16984
78,-0.1586,-0.16204,-0.16625,-0.17016
78.1,-0.15918,-0.16254,-0.16666,-0.17047
78.2,-0.15974,-0.16302,-0.16705,-0.17078
78.3,-0.16028,-0.1635,-0.16744,-0.17108
78.4,-0.16081,-0.16396,-0.16782,-0.17137
78.5,-0.16132,-0.16441,-0.16819,-0.17166
78.6,-0.16182,-0.16484,-0.16854,-0.17195
78.7,-0.1623,-0.16527,-0.16889,-0.17223
78.8,-0.16277,-0.16568,-0.16923,-0.1725
78.9,-0.16322,-0.16607,-0.16957,-0.17276
79,-0.16366,-0.16646,-0.16989,-0.17302
79.1,-0.16409,-0.16684,-0.1702,-0.17328
79.2,-0.1645,-0.16721,-0.17051,-0.17353
79.3,-0.16491,-0.16757,-0.17081,-0.17378
79.4,-0.16531,-0.16792,-0.17111,-0.17402
79.5,-0.1657,-0.16827,-0.1714,-0.17426
79.6,-0.16608,-0.1686,-0.17169,-0.17449
79.7,-0.16645,-0.16893,-0.17196,-0.17472
79.8,-0.16682,-0.16926,-0.17224,-0.17495
79.9,-0.16717,-0.16957,-0.17251,-0.17517
80,-0.16751,-0.16988,-0.17277,-0.17539
80.1,-0.16785,-0.17018,-0.17302,-0.1756
80.2,-0.16818,-0.17047,-0.17327,-0.17581
80.3,-0.1685,-0.17076,-0.17352,-0.17602
80.4,-0.16881,-0.17104,-0.17376,-0.17622
80.5,-0.16912,-0.17132,-0.174,-0.17642
80.6,-0.16943,-0.17159,-0.17424,-0.17662
80.7,-0.16973,-0.17186,-0.17447,-0.17682
80.8,-0.17002,-0.17212,-0.17469,-0.17701
80.9,-0.1703,-0.17238,-0.17492,-0.1772
81,-0.17058,-0.17263,-0.17513,-0.17738
81.1,-0.17086,-0.17288,-0.17535,-0.17757
81.2,-0.17112,-0.17312,-0.17556,-0.17775
81.3,-0.17138,-0.17336,-0.17576,-0.17792
81.4,-0.17164,-0.17359,-0.17596,-0.1781
81.5,-0.17189,-0.17382,-0.17616,-0.17827
81.6,-0.17214,-0.17404,-0.17636,-0.17844
81.7,-0.17238,-0.17426,-0.17655,-0.1786
81.8,-0.17262,-0.17448,-0.17674,-0.17877
81.9,-0.17286,-0.17469,-0.17693,-0.17893
82,-0.17309,-0.1749,-0.17711,-0.17909
82.1,-0.17331,-0.17511,-0.17729,-0.17924
82.2,-0.17354,-0.17531,-0.17747,-0.1794
82.3,-0.17376,-0.17551,-0.17765,-0.17955
82.4,-0.17397,-0.17571,-0.17782,-0.1797
82.5,-0.17418,-0.1759,-0.17799,-0.17985
82.6,-0.17439,-0.17609,-0.17815,-0.18
82.7,-0.17459,-0.17627,-0.17832,-0.18014
82.8,-0.17479,-0.17646,-0.17848,-0.18028
82.9,-0.17499,-0.17664,-0.17864,-0.18042
83,-0.17518,-0.17681,-0.1788,-0.18056
83.1,-0.17537,-0.17699,-0.17895,-0.1807
83.2,-0.17556,-0.17716,-0.1791,-0.18083
83.3,-0.17575,-0.17733,-0.17925,-0.18096
83.4,-0.17593,-0.17749,-0.1794,-0.18109
83.5,-0.1761,-0.17766,-0.17955,-0.18122
83.6,-0.17628,-0.17782,-0.17969,-0.18135
83.7,-0.17645,-0.17798,-0.17983,-0.18147
83.8,-0.17662,-0.17813,-0.17997,-0.18159
83.9,-0.17679,-0.17829,-0.1801,-0.18172
84,-0.17695,-0.17844,-0.18024,-0.18184
84.1,-0.17711,-0.17859,-0.18037,-0.18195
84.2,-0.17727,-0.17873,-0.1805,-0.18207
84.3,-0.17743,-0.17888,-0.18063,-0.18218
84.4,-0.17758,-0.17902,-0.18076,-0.1823
84.5,-0.17774,-0.17916,-0.18088,-0.18241
84.6,-0.17788,-0.17929,-0.18101,-0.18252
84.7,-0.17803,-0.17943,-0.18113,-0.18263
84.8,-0.17818,-0.17956,-0.18125,-0.18273
84.9,-0.17832,-0.17969,-0.18136,-0.18284
85,-0.17846,-0.17982,-0.18148,-0.18294
85.1,-0.1786,-0.17995,-0.18159,-0.18304
85.2,-0.17873,-0.18008,-0.18171,-0.18314
85.3,-0.17887,-0.1802,-0.18182,-0.18324
85.4,-0.179,-0.18032,-0.18193,-0.18334
85.5,-0.17913,-0.18044,-0.18204,-0.18344
85.6,-0.17926,-0.18056,-0.18214,-0.18353
85.7,-0.17938,-0.18068,-0.18225,-0.18363
85.8,-0.1795,-0.18079,-0.18235,-0.18372
85.9,-0.17963,-0.1809,-0.18245,-0.18381
86,-0.17975,-0.18101,-0.18255,-0.1839
86.1,-0.17987,-0.18112,-0.18265,-0.18399
86.2,-0.17998,-0.18123,-0.18275,-0.18408
86.3,-0.1801,-0.18134,-0.18284,-0.18416
86.4,-0.18021,-0.18144,-0.18294,-0.18425
86.5,-0.18032,-0.18154,-0.18303,-0.18433
86.6,-0.18043,-0.18165,-0.18312,-0.18441
86.7,-0.18054,-0.18174,-0.18321,-0.1845
86.8,-0.18064,-0.18184,-0.1833,-0.18458
86.9,-0.18074,-0.18194,-0.18338,-0.18465
87,-0.18085,-0.18203,-0.18347,-0.18473
87.1,-0.18095,-0.18213,-0.18355,-0.18481
87.2,-0.18105,-0.18222,-0.18364,-0.18488
87.3,-0.18114,-0.18231,-0.18372,-0.18496
87.4,-0.18124,-0.1824,-0.1838,-0.18503
87.5,-0.18134,-0.18249,-0.18388,-0.1851
87.6,-0.18143,-0.18257,-0.18396,-0.18517
87.7,-0.18152,-0.18266,-0.18404,-0.18524
87.8,-0.18161,-0.18274,-0.18411,-0.18531
87.9,-0.1817,-0.18282,-0.18419,-0.18538
88,-0.18179,-0.1829,-0.18426,-0.18544
88.1,-0.18187,-0.18298,-0.18433,-0.18551
88.2,-0.18195,-0.18306,-0.1844,-0.18557
88.3,-0.18204,-0.18314,-0.18447,-0.18564
88.4,-0.18212,-0.18321,-0.18454,-0.1857
88.5,-0.1822,-0.18329,-0.18461,-0.18576
88.6,-0.18228,-0.18336,-0.18467,-0.18582
88.7,-0.18236,-0.18343,-0.18474,-0.18588
88.8,-0.18243,-0.1835,-0.1848,-0.18594
88.9,-0.18251,-0.18357,-0.18487,-0.186
89,-0.18258,-0.18364,-0.18493,-0.18605
89.1,-0.18265,-0.18371,-0.18499,-0.18611
89.2,-0.18272,-0.18378,-0.18505,-0.18616
89.3,-0.18279,-0.18384,-0.18511,-0.18622
89.4,-0.18286,-0.1839,-0.18517,-0.18627
89.5,-0.18293,-0.18397,-0.18522,-0.18632
89.6,-0.18299,-0.18403,-0.18528,-0.18637
89.7,-0.18306,-0.18409,-0.18533,-0.18642
89.8,-0.18312,-0.18415,-0.18539,-0.18647
89.9,-0.18318,-0.1842,-0.18544,-0.18652
90,-0.18324,-0.18426,-0.18549,-0.18656
90.1,-0.1833,-0.18432,-0.18554,-0.18661
90.2,-0.18336,-0.18437,-0.18559,-0.18666
90.3,-0.18342,-0.18442,-0.18564,-0.1867
90.4,-0.18348,-0.18448,-0.18569,-0.18674
90.5,-0.18353,-0.18453,-0.18573,-0.18679
90.6,-0.18359,-0.18458,-0.18578,-0.18683
90.7,-0.18364,-0.18463,-0.18583,-0.18687
90.8,-0.18369,-0.18468,-0.18587,-0.18691
90.9,-0.18374,-0.18472,-0.18591,-0.18695
91,-0.18379,-0.18477,-0.18595,-0.18699
91.1,-0.18384,-0.18482,-0.186,-0.18702
91.2,-0.18389,-0.18486,-0.18604,-0.18706
91.3,-0.18393,-0.1849,-0.18608,-0.1871
91.4,-0.18398,-0.18494,-0.18611,-0.18713
91.5,-0.18402,-0.18499,-0.18615,-0.18717
91.6,-0.18407,-0.18503,-0.18619,-0.1872
91.7,-0.18411,-0.18506,-0.18622,-0.18723
91.8,-0.18415,-0.1851,-0.18626,-0.18726
91.9,-0.18419,-0.18514,-0.18629,-0.18729
92,-0.18423,-0.18518,-0.18633,-0.18732
92.1,-0.18427,-0.18521,-0.18636,-0.18735
92.2,-0.1843,-0.18525,-0.18639,-0.18738
92.3,-0.18434,-0.18528,-0.18642,-0.18741
92.4,-0.18437,-0.18531,-0.18645,-0.18744
92.5,-0.18441,-0.18534,-0.18648,-0.18746
92.6,-0.18444,-0.18537,-0.18651,-0.18749
92.7,-0.18447,-0.1854,-0.18653,-0.18751
92.8,-0.1845,-0.18543,-0.18656,-0.18754
92.9,-0.18453,-0.18546,-0.18658,-0.18756
93,-0.18456,-0.18549,-0.18661,-0.18758
93.1,-0.18459,-0.18551,-0.18663,-0.18761
93.2,-0.18462,-0.18554,-0.18666,-0.18763
93.3,-0.18464,-0.18556,-0.18668,-0.18765
93.4,-0.18467,-0.18559,-0.1867,-0.18767
93.5,-0.18469,-0.18561,-0.18672,-0.18768
93.6,-0.18471,-0.18563,-0.18674,-0.1877
93.7,-0.18474,-0.18565,-0.18676,-0.18772
93.8,-0.18476,-0.18567,-0.18678,-0.18774
93.9,-0.18478,-0.18569,-0.18679,-0.18775
94,-0.1848,-0.18571,-0.18681,-0.18777
94.1,-0.18481,-0.18572,-0.18682,-0.18778
94.2,-0.18483,-0.18574,-0.18684,-0.18779
94.3,-0.18485,-0.18576,-0.18685,-0.18781
94.4,-0.18486,-0.18577,-0.18687,-0.18782
94.5,-0.18488,-0.18578,-0.18688,-0.18783
94.6,-0.18489,-0.1858,-0.18689,-0.18784
94.7,-0.1849,-0.18581,-0.1869,-0.18785
94.8,-0.18492,-0.18582,-0.18691,-0.18786
94.9,-0.18493,-0.18583,-0.18692,-0.18787
95,-0.18494,-0.18584,-0.18693,-0.18788
95.1,-0.18494,-0.18585,-0.18694,-0.18788
95.2,-0.18495,-0.18585,-0.18694,-0.18789
95.3,-0.18496,-0.18586,-0.18695,-0.18789
95.4,-0.18497,-0.18587,-0.18695,-0.1879
95.5,-0.18497,-0.18587,-0.18696,-0.1879
95.6,-0.18497,-0.18587,-0.18696,-0.18791
95.7,-0.18498,-0.18588,-0.18696,-0.18791
95.8,-0.18498,-0.18588,-0.18697,-0.18791
95.9,-0.18498,-0.18588,-0.18697,-0.18791
96,-0.18498,-0.18588,-0.18697,-0.18791
